date_time,fault_label
"12/20/2019, 15:25:47",E_Quench
"01/01/2020, 10:29:09",E_Quench
"01/01/2020, 15:59:30",E_Quench
"01/02/2020, 07:50:34",Multi_Cav_Turn_Off
"01/06/2020, 21:14:07",Quench_3ms
"01/19/2019, 09:14:37",Quench_3ms
"01/22/2019, 04:53:43",E_Quench
"01/22/2019, 08:06:01",Multi_Cav_Turn_Off
"02/19/2019, 08:05:38",Multi_Cav_Turn_Off
"02/19/2019, 12:39:42",Heat_Riser_Choke
"02/19/2019, 12:42:19",Heat_Riser_Choke
"02/19/2019, 12:49:07",Heat_Riser_Choke
"02/20/2019, 16:56:30",Heat_Riser_Choke
"02/21/2019, 16:02:32",Heat_Riser_Choke
"02/22/2019, 11:05:38",Heat_Riser_Choke
"02/23/2019, 09:18:19",Heat_Riser_Choke
"02/24/2019, 04:22:01",Heat_Riser_Choke
"02/25/2019, 01:46:43",Heat_Riser_Choke
"02/26/2019, 02:38:11",Heat_Riser_Choke
"02/26/2019, 05:06:42",Heat_Riser_Choke
"02/26/2019, 08:07:29",Multi_Cav_Turn_Off
"02/26/2019, 12:22:26",Heat_Riser_Choke
"02/26/2019, 12:28:51",Heat_Riser_Choke
"02/26/2019, 12:31:17",Heat_Riser_Choke
"02/26/2019, 12:38:26",Heat_Riser_Choke
"02/26/2019, 12:47:30",Heat_Riser_Choke
"02/28/2019, 04:29:44",Heat_Riser_Choke
"03/02/2019, 01:38:11",Multi_Cav_Turn_Off
"03/02/2019, 13:24:17",Heat_Riser_Choke
"03/02/2019, 13:28:43",Heat_Riser_Choke
"03/03/2019, 09:04:00",Heat_Riser_Choke
"03/05/2019, 10:28:40",Heat_Riser_Choke
"03/05/2019, 12:01:02",Heat_Riser_Choke
"03/05/2019, 12:49:52",Heat_Riser_Choke
"03/05/2019, 12:54:59",Heat_Riser_Choke
"03/05/2019, 18:58:51",Heat_Riser_Choke
"03/05/2019, 19:17:35",Heat_Riser_Choke
"03/05/2019, 19:21:45",Heat_Riser_Choke
"03/05/2019, 19:23:42",Heat_Riser_Choke
"03/05/2019, 19:27:36",Heat_Riser_Choke
"03/05/2019, 19:38:53",Heat_Riser_Choke
"03/05/2019, 21:11:47",Heat_Riser_Choke
"03/05/2019, 22:41:14",Heat_Riser_Choke
"03/05/2019, 22:45:41",Heat_Riser_Choke
"03/05/2019, 22:51:19",Heat_Riser_Choke
"03/05/2019, 22:55:35",Heat_Riser_Choke
"03/05/2019, 22:59:45",Heat_Riser_Choke
"03/05/2019, 23:15:50",Heat_Riser_Choke
"03/05/2019, 23:21:45",Heat_Riser_Choke
"03/05/2019, 23:28:43",Heat_Riser_Choke
"03/05/2019, 23:31:16",Heat_Riser_Choke
"03/05/2019, 23:34:33",Heat_Riser_Choke
"03/05/2019, 23:39:17",Heat_Riser_Choke
"03/06/2019, 02:21:22",Heat_Riser_Choke
"03/06/2019, 02:28:09",Heat_Riser_Choke
"03/06/2019, 07:03:24",Heat_Riser_Choke
"03/07/2019, 22:58:35",Heat_Riser_Choke
"03/09/2019, 17:05:55",Heat_Riser_Choke
"03/13/2019, 15:55:41",Heat_Riser_Choke
"03/15/2019, 10:46:22",Heat_Riser_Choke
"03/17/2019, 04:04:35",Heat_Riser_Choke
"03/20/2019, 07:10:59",Multi_Cav_Turn_Off
"03/21/2019, 12:10:12",Quench_100ms
"03/22/2019, 12:17:43",Microphonics
"03/23/2019, 09:14:21",Heat_Riser_Choke
"03/26/2019, 08:07:15",Multi_Cav_Turn_Off
"03/27/2019, 08:06:35",Heat_Riser_Choke
"03/27/2019, 09:11:00",Heat_Riser_Choke
"03/28/2019, 21:41:03",Heat_Riser_Choke
"03/29/2019, 06:08:51",Microphonics
"03/29/2019, 07:58:38",Microphonics
"03/29/2019, 08:48:49",Microphonics
"03/29/2019, 09:05:04",Multi_Cav_Turn_Off
"03/30/2019, 11:08:51",Heat_Riser_Choke
"03/31/2019, 05:24:03",Heat_Riser_Choke
"03/31/2019, 07:49:51",Heat_Riser_Choke
"03/31/2019, 21:03:58",Heat_Riser_Choke
"03/31/2019, 21:24:59",Heat_Riser_Choke
"04/01/2019, 10:29:14",Heat_Riser_Choke
"04/02/2019, 21:38:06",Microphonics
"04/04/2019, 11:18:16",Heat_Riser_Choke
"04/05/2019, 05:02:45",Microphonics
"04/05/2019, 21:19:53",Microphonics
"04/05/2019, 23:37:54",Heat_Riser_Choke
"04/06/2019, 03:05:43",Heat_Riser_Choke
"04/06/2019, 06:32:48",Heat_Riser_Choke
"04/06/2019, 19:59:47",Microphonics
"04/07/2019, 02:57:47",Microphonics
"04/07/2019, 03:01:12",Microphonics
"04/07/2019, 03:03:50",Microphonics
"04/07/2019, 03:33:15",Microphonics
"04/07/2019, 08:04:45",Heat_Riser_Choke
"04/07/2019, 21:47:51",Microphonics
"04/08/2019, 02:26:48",Microphonics
"04/08/2019, 03:03:32",Microphonics
"04/08/2019, 03:08:48",Microphonics
"04/08/2019, 04:25:59",Microphonics
"04/08/2019, 22:17:04",Heat_Riser_Choke
"04/09/2019, 00:32:42",Microphonics
"04/09/2019, 00:35:33",Microphonics
"04/09/2019, 22:59:40",Microphonics
"04/10/2019, 09:54:42",Controls_Fault
"04/11/2019, 21:07:27",Microphonics
"04/12/2019, 06:06:20",Microphonics
"11/26/2019, 08:19:04",Multi_Cav_Turn_Off
"11/27/2019, 15:44:37",Multi_Cav_Turn_Off
"12/01/2019, 01:34:59",Quench_3ms
"12/01/2019, 06:27:17",Quench_3ms
"12/03/2019, 09:05:39",Microphonics
"12/03/2019, 09:08:28",Microphonics
"12/03/2019, 09:16:49",Microphonics
"12/03/2019, 13:43:27",Microphonics
"12/03/2019, 14:36:43",Microphonics
"12/03/2019, 14:51:45",Microphonics
"12/04/2019, 10:40:44",Microphonics
"12/04/2019, 10:52:28",Microphonics
"12/04/2019, 13:36:39",Microphonics
"12/05/2019, 09:13:14",Microphonics
"12/05/2019, 09:43:26",Microphonics
"12/06/2019, 11:09:47",Microphonics
"12/07/2019, 02:17:25",Quench_3ms
"12/09/2019, 08:13:21",Multi_Cav_Turn_Off
"12/11/2019, 10:13:57",Microphonics
"12/11/2019, 10:21:44",Microphonics
"12/11/2019, 10:23:45",Microphonics
"12/11/2019, 10:46:22",Microphonics
"12/11/2019, 14:30:48",Microphonics
"12/12/2019, 10:58:21",Microphonics
"12/16/2019, 09:10:27",Multi_Cav_Turn_Off
"12/17/2019, 08:44:45",Quench_3ms
"12/17/2019, 09:07:32",Quench_3ms
"12/18/2019, 09:21:25",Microphonics
"12/18/2019, 17:52:21",Microphonics
"12/20/2019, 08:16:59",Multi_Cav_Turn_Off
"01/08/2020, 09:12:46",Multi_Cav_Turn_Off
"01/12/2020, 19:13:22",Quench_3ms
"01/14/2020, 11:41:31",Quench_3ms
"01/18/2020, 06:11:41",Microphonics
"01/18/2020, 10:36:15",Microphonics
"01/18/2020, 13:13:32",Microphonics
"01/18/2020, 14:27:02",Microphonics
"01/19/2020, 20:51:45",Heat_Riser_Choke
"01/19/2020, 23:04:10",Heat_Riser_Choke
"01/20/2020, 07:36:54",Microphonics
"01/21/2020, 07:16:00",Multi_Cav_Turn_Off
"01/22/2020, 16:22:08",Microphonics
"01/22/2020, 23:42:32",Microphonics
"01/24/2020, 11:37:44",Microphonics
"01/28/2020, 12:16:48",Controls_Fault
"01/29/2020, 13:42:11",Microphonics
"01/29/2020, 15:13:15",Microphonics
"01/30/2020, 10:27:11",Microphonics
"01/30/2020, 23:55:07",Quench_3ms
"02/02/2020, 10:25:32",Quench_3ms
"02/04/2020, 10:30:43",Quench_3ms
"02/05/2020, 07:55:55",Quench_3ms
"02/06/2020, 12:32:54",Quench_3ms
"02/06/2020, 22:44:32",Controls_Fault
"02/10/2020, 22:15:22",Quench_3ms
"02/12/2020, 20:36:34",Microphonics
"02/13/2020, 13:43:04",Microphonics
"02/13/2020, 14:02:42",Microphonics
"02/13/2020, 14:13:25",Microphonics
"02/13/2020, 14:29:38",Microphonics
"02/13/2020, 14:32:05",Microphonics
"02/13/2020, 14:35:20",Microphonics
"02/13/2020, 14:43:02",Microphonics
"02/22/2020, 12:22:03",Multi_Cav_Turn_Off
"02/25/2020, 08:38:00",Multi_Cav_Turn_Off
"03/04/2020, 02:22:45",Quench_100ms
"01/19/2019, 00:04:21",Quench_3ms
"01/19/2019, 00:05:17",Quench_3ms
"01/19/2019, 00:08:22",Quench_3ms
"01/19/2019, 00:16:35",Quench_3ms
"01/19/2019, 00:19:27",Quench_3ms
"01/19/2019, 00:20:31",Quench_3ms
"01/19/2019, 09:19:00",Multi_Cav_Turn_Off
"01/21/2019, 14:17:52",Single_Cav_Turn_Off
"01/22/2019, 04:53:43",Multi_Cav_Turn_Off
"01/22/2019, 06:07:43",Multi_Cav_Turn_Off
"01/22/2019, 06:08:19",Multi_Cav_Turn_Off
"01/22/2019, 08:06:04",Multi_Cav_Turn_Off
"11/25/2019, 17:57:48",Quench_3ms
"11/25/2019, 18:18:35",Single_Cav_Turn_Off
"11/25/2019, 22:11:24",Single_Cav_Turn_Off
"11/26/2019, 00:32:22",Quench_3ms
"11/26/2019, 01:18:33",Quench_3ms
"11/26/2019, 03:08:40",Single_Cav_Turn_Off
"11/26/2019, 06:31:20",Single_Cav_Turn_Off
"11/26/2019, 08:15:32",Quench_3ms
"11/26/2019, 08:19:07",Multi_Cav_Turn_Off
"11/26/2019, 14:16:51",Single_Cav_Turn_Off
"11/26/2019, 19:25:00",Single_Cav_Turn_Off
"11/26/2019, 23:13:24",Single_Cav_Turn_Off
"11/27/2019, 00:18:21",Quench_3ms
"11/27/2019, 00:42:25",Quench_3ms
"11/27/2019, 01:11:23",Quench_3ms
"11/27/2019, 02:02:12",Quench_3ms
"11/27/2019, 02:12:13",Quench_3ms
"11/27/2019, 02:18:41",Quench_3ms
"11/27/2019, 02:32:03",Quench_3ms
"11/27/2019, 02:51:47",Quench_3ms
"11/27/2019, 03:01:12",Single_Cav_Turn_Off
"11/27/2019, 03:29:24",Quench_3ms
"11/27/2019, 07:01:09",Single_Cav_Turn_Off
"11/27/2019, 07:42:34",Single_Cav_Turn_Off
"11/27/2019, 12:28:59",Single_Cav_Turn_Off
"11/27/2019, 15:44:41",Multi_Cav_Turn_Off
"11/27/2019, 18:15:26",Quench_3ms
"11/27/2019, 18:53:02",Single_Cav_Turn_Off
"11/28/2019, 04:13:59",Quench_3ms
"11/28/2019, 16:34:58",Quench_3ms
"11/29/2019, 01:45:03",Single_Cav_Turn_Off
"11/29/2019, 04:43:49",Single_Cav_Turn_Off
"11/29/2019, 07:56:49",Quench_3ms
"11/29/2019, 10:02:03",Single_Cav_Turn_Off
"11/29/2019, 10:44:40",Quench_3ms
"11/30/2019, 07:43:23",Single_Cav_Turn_Off
"11/30/2019, 08:21:02",Quench_3ms
"11/30/2019, 08:49:03",Quench_3ms
"11/30/2019, 12:45:11",Single_Cav_Turn_Off
"11/30/2019, 18:49:21",Single_Cav_Turn_Off
"12/01/2019, 00:15:53",Single_Cav_Turn_Off
"12/01/2019, 01:34:59",Controls_Fault
"12/01/2019, 06:27:17",Controls_Fault
"12/01/2019, 12:10:17",Single_Cav_Turn_Off
"12/01/2019, 20:51:01",Single_Cav_Turn_Off
"12/02/2019, 01:42:51",Single_Cav_Turn_Off
"12/02/2019, 06:38:35",Single_Cav_Turn_Off
"12/02/2019, 09:45:02",Quench_3ms
"12/02/2019, 13:15:16",Single_Cav_Turn_Off
"12/03/2019, 02:14:06",Single_Cav_Turn_Off
"12/03/2019, 03:36:26",Single_Cav_Turn_Off
"12/03/2019, 07:13:02",Single_Cav_Turn_Off
"12/03/2019, 12:27:41",Single_Cav_Turn_Off
"12/03/2019, 18:35:27",Single_Cav_Turn_Off
"12/04/2019, 07:44:36",Single_Cav_Turn_Off
"12/04/2019, 13:48:19",Single_Cav_Turn_Off
"12/04/2019, 17:51:55",Quench_3ms
"12/04/2019, 17:54:43",Quench_3ms
"12/05/2019, 01:47:01",Single_Cav_Turn_Off
"12/05/2019, 11:38:46",Single_Cav_Turn_Off
"12/05/2019, 12:13:39",Single_Cav_Turn_Off
"12/05/2019, 15:56:59",Single_Cav_Turn_Off
"12/06/2019, 01:46:19",Single_Cav_Turn_Off
"12/06/2019, 07:08:02",Single_Cav_Turn_Off
"12/06/2019, 18:13:24",Single_Cav_Turn_Off
"12/06/2019, 23:16:40",Single_Cav_Turn_Off
"12/07/2019, 03:16:49",Single_Cav_Turn_Off
"12/07/2019, 09:44:25",Single_Cav_Turn_Off
"12/07/2019, 19:01:58",Single_Cav_Turn_Off
"12/08/2019, 00:56:26",Single_Cav_Turn_Off
"12/08/2019, 10:32:51",Single_Cav_Turn_Off
"12/08/2019, 15:39:11",Single_Cav_Turn_Off
"12/08/2019, 20:25:27",Single_Cav_Turn_Off
"12/09/2019, 07:28:18",Single_Cav_Turn_Off
"12/09/2019, 08:13:28",Multi_Cav_Turn_Off
"12/10/2019, 19:59:40",Single_Cav_Turn_Off
"12/11/2019, 00:05:52",Single_Cav_Turn_Off
"12/11/2019, 14:56:57",Single_Cav_Turn_Off
"12/11/2019, 23:52:58",Single_Cav_Turn_Off
"12/12/2019, 05:14:10",Single_Cav_Turn_Off
"12/12/2019, 09:34:30",Single_Cav_Turn_Off
"12/12/2019, 10:10:59",Single_Cav_Turn_Off
"12/12/2019, 14:29:31",Single_Cav_Turn_Off
"12/12/2019, 19:33:04",Single_Cav_Turn_Off
"12/12/2019, 19:47:33",Single_Cav_Turn_Off
"12/13/2019, 06:40:02",Single_Cav_Turn_Off
"12/14/2019, 04:05:35",Single_Cav_Turn_Off
"12/14/2019, 08:25:10",Single_Cav_Turn_Off
"12/14/2019, 12:10:42",Single_Cav_Turn_Off
"12/14/2019, 15:11:10",Single_Cav_Turn_Off
"12/15/2019, 04:57:05",Single_Cav_Turn_Off
"12/15/2019, 04:57:36",Single_Cav_Turn_Off
"12/15/2019, 05:20:06",Single_Cav_Turn_Off
"12/15/2019, 05:27:36",Single_Cav_Turn_Off
"12/15/2019, 05:35:06",Single_Cav_Turn_Off
"12/15/2019, 05:42:36",Single_Cav_Turn_Off
"12/15/2019, 05:50:06",Single_Cav_Turn_Off
"12/15/2019, 07:12:37",Single_Cav_Turn_Off
"12/15/2019, 07:20:07",Single_Cav_Turn_Off
"12/15/2019, 07:27:37",Single_Cav_Turn_Off
"12/15/2019, 07:35:07",Single_Cav_Turn_Off
"12/15/2019, 07:42:37",Single_Cav_Turn_Off
"12/15/2019, 15:27:39",Single_Cav_Turn_Off
"12/15/2019, 22:12:33",Single_Cav_Turn_Off
"12/15/2019, 23:14:49",Single_Cav_Turn_Off
"12/16/2019, 02:17:51",Single_Cav_Turn_Off
"12/16/2019, 06:14:59",Single_Cav_Turn_Off
"12/16/2019, 06:22:29",Single_Cav_Turn_Off
"12/16/2019, 09:10:34",Multi_Cav_Turn_Off
"12/17/2019, 06:46:56",Controls_Fault
"12/17/2019, 08:44:45",Controls_Fault
"12/17/2019, 09:07:32",Controls_Fault
"12/17/2019, 11:11:10",Single_Cav_Turn_Off
"12/18/2019, 00:49:50",Single_Cav_Turn_Off
"12/18/2019, 05:38:35",Single_Cav_Turn_Off
"01/02/2020, 21:10:31",Single_Cav_Turn_Off
"01/03/2020, 03:13:54",Single_Cav_Turn_Off
"01/03/2020, 07:43:44",Single_Cav_Turn_Off
"01/03/2020, 14:50:31",Single_Cav_Turn_Off
"01/03/2020, 18:30:41",Single_Cav_Turn_Off
"01/03/2020, 20:23:44",Single_Cav_Turn_Off
"01/04/2020, 00:12:27",Single_Cav_Turn_Off
"01/04/2020, 04:17:44",Single_Cav_Turn_Off
"01/04/2020, 04:25:14",Single_Cav_Turn_Off
"01/04/2020, 04:32:44",Single_Cav_Turn_Off
"01/04/2020, 04:40:14",Single_Cav_Turn_Off
"01/04/2020, 05:55:45",Single_Cav_Turn_Off
"01/04/2020, 06:03:15",Single_Cav_Turn_Off
"01/04/2020, 06:10:45",Single_Cav_Turn_Off
"01/04/2020, 09:35:15",Single_Cav_Turn_Off
"01/04/2020, 09:49:08",Single_Cav_Turn_Off
"01/04/2020, 10:40:32",Single_Cav_Turn_Off
"01/04/2020, 10:49:22",Single_Cav_Turn_Off
"01/04/2020, 14:15:36",Single_Cav_Turn_Off
"01/04/2020, 21:55:56",Single_Cav_Turn_Off
"01/04/2020, 22:59:57",Single_Cav_Turn_Off
"01/05/2020, 06:14:52",Single_Cav_Turn_Off
"01/05/2020, 17:35:47",Quench_3ms
"01/06/2020, 00:01:20",Single_Cav_Turn_Off
"01/06/2020, 06:44:19",Quench_3ms
"01/06/2020, 07:29:58",Quench_3ms
"01/06/2020, 10:19:02",Single_Cav_Turn_Off
"01/06/2020, 14:50:12",Single_Cav_Turn_Off
"01/06/2020, 17:31:22",Single_Cav_Turn_Off
"01/06/2020, 21:04:13",Single_Cav_Turn_Off
"01/07/2020, 01:04:01",Single_Cav_Turn_Off
"01/07/2020, 05:10:31",Single_Cav_Turn_Off
"01/07/2020, 12:18:54",Single_Cav_Turn_Off
"01/07/2020, 15:12:49",Single_Cav_Turn_Off
"01/07/2020, 17:12:53",Single_Cav_Turn_Off
"01/07/2020, 21:23:26",Single_Cav_Turn_Off
"01/08/2020, 06:56:27",Single_Cav_Turn_Off
"01/08/2020, 07:19:31",Single_Cav_Turn_Off
"01/08/2020, 08:56:41",Single_Cav_Turn_Off
"01/08/2020, 09:12:53",Multi_Cav_Turn_Off
"01/08/2020, 16:25:17",Quench_3ms
"01/08/2020, 16:28:34",Quench_3ms
"01/08/2020, 17:19:54",Single_Cav_Turn_Off
"01/08/2020, 20:01:33",Single_Cav_Turn_Off
"01/09/2020, 22:23:44",Single_Cav_Turn_Off
"01/10/2020, 14:47:57",Quench_3ms
"01/10/2020, 15:06:08",Quench_3ms
"01/10/2020, 15:55:36",Quench_3ms
"01/10/2020, 15:55:45",Quench_3ms
"01/10/2020, 19:03:34",Single_Cav_Turn_Off
"01/11/2020, 00:49:42",Single_Cav_Turn_Off
"01/11/2020, 01:07:08",Single_Cav_Turn_Off
"01/11/2020, 02:53:10",Single_Cav_Turn_Off
"01/11/2020, 05:05:04",Single_Cav_Turn_Off
"01/11/2020, 18:22:12",Single_Cav_Turn_Off
"01/11/2020, 22:45:07",Single_Cav_Turn_Off
"01/12/2020, 04:59:38",Single_Cav_Turn_Off
"01/12/2020, 05:03:26",Single_Cav_Turn_Off
"01/12/2020, 05:46:27",Single_Cav_Turn_Off
"01/12/2020, 09:43:11",Single_Cav_Turn_Off
"01/12/2020, 11:21:39",Single_Cav_Turn_Off
"01/12/2020, 18:22:42",Single_Cav_Turn_Off
"01/12/2020, 19:13:18",Single_Cav_Turn_Off
"01/12/2020, 21:45:19",Single_Cav_Turn_Off
"01/13/2020, 00:25:23",Single_Cav_Turn_Off
"01/13/2020, 07:03:35",Single_Cav_Turn_Off
"01/13/2020, 08:17:55",Single_Cav_Turn_Off
"01/13/2020, 21:20:19",Single_Cav_Turn_Off
"01/14/2020, 03:27:48",Single_Cav_Turn_Off
"01/14/2020, 07:37:02",Controls_Fault
"01/14/2020, 10:11:43",Single_Cav_Turn_Off
"01/14/2020, 11:41:32",Controls_Fault
"01/14/2020, 13:42:44",Single_Cav_Turn_Off
"01/14/2020, 17:24:04",Single_Cav_Turn_Off
"01/14/2020, 23:18:20",Single_Cav_Turn_Off
"01/15/2020, 05:40:28",Single_Cav_Turn_Off
"01/15/2020, 07:39:00",Quench_3ms
"01/15/2020, 08:28:50",Quench_3ms
"01/15/2020, 08:36:09",Quench_3ms
"01/15/2020, 08:57:25",Quench_3ms
"01/16/2020, 00:46:34",Single_Cav_Turn_Off
"01/16/2020, 04:33:39",Quench_3ms
"01/16/2020, 04:46:04",Quench_3ms
"01/16/2020, 11:00:02",Single_Cav_Turn_Off
"01/16/2020, 16:23:25",Quench_3ms
"01/16/2020, 17:56:09",Quench_3ms
"01/16/2020, 18:47:50",Quench_3ms
"01/16/2020, 18:50:40",Quench_3ms
"01/16/2020, 22:08:16",Single_Cav_Turn_Off
"01/17/2020, 02:39:56",Quench_3ms
"01/17/2020, 02:44:38",Quench_3ms
"01/17/2020, 03:52:35",Single_Cav_Turn_Off
"01/17/2020, 08:34:28",Single_Cav_Turn_Off
"01/17/2020, 13:14:51",Single_Cav_Turn_Off
"01/17/2020, 23:41:16",Quench_3ms
"01/17/2020, 23:44:05",Quench_3ms
"01/18/2020, 13:08:40",Single_Cav_Turn_Off
"01/18/2020, 15:34:51",Single_Cav_Turn_Off
"01/18/2020, 15:45:05",Single_Cav_Turn_Off
"01/18/2020, 20:18:49",Single_Cav_Turn_Off
"01/19/2020, 01:40:47",Single_Cav_Turn_Off
"01/19/2020, 04:50:09",Single_Cav_Turn_Off
"01/19/2020, 04:57:39",Single_Cav_Turn_Off
"01/19/2020, 05:05:09",Single_Cav_Turn_Off
"01/19/2020, 05:12:39",Single_Cav_Turn_Off
"01/19/2020, 05:17:53",Single_Cav_Turn_Off
"01/19/2020, 06:35:31",Single_Cav_Turn_Off
"01/19/2020, 06:43:02",Single_Cav_Turn_Off
"01/19/2020, 06:50:31",Single_Cav_Turn_Off
"01/19/2020, 06:58:01",Single_Cav_Turn_Off
"01/19/2020, 07:05:32",Single_Cav_Turn_Off
"01/19/2020, 11:36:01",Single_Cav_Turn_Off
"01/19/2020, 13:35:57",Single_Cav_Turn_Off
"01/19/2020, 18:31:03",Single_Cav_Turn_Off
"01/19/2020, 20:51:39",Single_Cav_Turn_Off
"01/19/2020, 21:58:29",Quench_3ms
"01/19/2020, 22:04:00",Quench_3ms
"01/19/2020, 22:11:30",Single_Cav_Turn_Off
"01/19/2020, 22:13:56",Quench_3ms
"01/19/2020, 22:37:25",Single_Cav_Turn_Off
"01/19/2020, 23:04:20",Single_Cav_Turn_Off
"01/20/2020, 03:37:41",Single_Cav_Turn_Off
"01/20/2020, 03:45:11",Single_Cav_Turn_Off
"01/20/2020, 03:55:31",Single_Cav_Turn_Off
"01/20/2020, 04:00:11",Single_Cav_Turn_Off
"01/20/2020, 04:38:05",Single_Cav_Turn_Off
"01/20/2020, 04:45:35",Single_Cav_Turn_Off
"01/20/2020, 05:39:00",Single_Cav_Turn_Off
"01/20/2020, 06:39:26",Single_Cav_Turn_Off
"01/20/2020, 17:43:55",Single_Cav_Turn_Off
"01/20/2020, 19:44:08",Single_Cav_Turn_Off
"01/21/2020, 06:20:06",Single_Cav_Turn_Off
"01/21/2020, 07:34:58",Multi_Cav_Turn_Off
"01/22/2020, 18:24:58",Quench_3ms
"01/22/2020, 19:46:11",Controls_Fault
"01/23/2020, 00:25:36",Single_Cav_Turn_Off
"01/23/2020, 14:01:48",Single_Cav_Turn_Off
"01/24/2020, 06:46:52",Single_Cav_Turn_Off
"01/24/2020, 09:47:33",Single_Cav_Turn_Off
"01/24/2020, 12:07:44",Quench_3ms
"01/24/2020, 12:44:15",Quench_3ms
"01/24/2020, 12:47:15",Single_Cav_Turn_Off
"01/24/2020, 21:24:45",Single_Cav_Turn_Off
"01/24/2020, 22:25:00",Single_Cav_Turn_Off
"01/25/2020, 02:38:14",Single_Cav_Turn_Off
"01/25/2020, 09:50:57",Single_Cav_Turn_Off
"01/25/2020, 22:49:07",Single_Cav_Turn_Off
"01/26/2020, 19:42:51",Single_Cav_Turn_Off
"01/27/2020, 00:40:09",Single_Cav_Turn_Off
"01/27/2020, 06:04:56",Single_Cav_Turn_Off
"01/27/2020, 06:22:06",Single_Cav_Turn_Off
"01/27/2020, 19:13:39",Single_Cav_Turn_Off
"01/27/2020, 21:31:39",Single_Cav_Turn_Off
"01/28/2020, 05:11:27",Single_Cav_Turn_Off
"01/28/2020, 10:00:56",Single_Cav_Turn_Off
"01/28/2020, 15:30:35",Single_Cav_Turn_Off
"01/28/2020, 20:21:09",Quench_3ms
"01/28/2020, 20:23:46",Quench_3ms
"01/28/2020, 20:26:38",Quench_3ms
"01/28/2020, 20:29:08",Quench_3ms
"01/29/2020, 03:15:23",Single_Cav_Turn_Off
"01/29/2020, 04:43:47",Quench_3ms
"01/29/2020, 04:52:09",Quench_3ms
"01/29/2020, 13:26:12",Single_Cav_Turn_Off
"01/30/2020, 07:10:33",Single_Cav_Turn_Off
"01/30/2020, 16:06:40",Single_Cav_Turn_Off
"01/31/2020, 04:26:48",Single_Cav_Turn_Off
"01/31/2020, 19:03:00",Single_Cav_Turn_Off
"02/01/2020, 14:33:42",Single_Cav_Turn_Off
"02/01/2020, 21:58:41",Single_Cav_Turn_Off
"02/02/2020, 03:14:05",Single_Cav_Turn_Off
"02/02/2020, 10:25:39",Multi_Cav_Turn_Off
"02/03/2020, 06:14:34",Single_Cav_Turn_Off
"02/03/2020, 07:50:07",Single_Cav_Turn_Off
"02/03/2020, 15:15:34",Single_Cav_Turn_Off
"02/04/2020, 08:52:59",Single_Cav_Turn_Off
"02/04/2020, 12:32:01",Single_Cav_Turn_Off
"02/04/2020, 14:53:41",Single_Cav_Turn_Off
"02/04/2020, 16:17:21",Single_Cav_Turn_Off
"02/04/2020, 20:01:24",Single_Cav_Turn_Off
"02/04/2020, 20:55:48",Single_Cav_Turn_Off
"02/04/2020, 23:56:29",Single_Cav_Turn_Off
"02/05/2020, 02:58:50",Quench_3ms
"02/05/2020, 07:55:40",Multi_Cav_Turn_Off
"02/05/2020, 15:52:54",Single_Cav_Turn_Off
"02/06/2020, 01:54:30",Single_Cav_Turn_Off
"02/06/2020, 06:45:03",Single_Cav_Turn_Off
"02/06/2020, 11:08:30",Single_Cav_Turn_Off
"02/06/2020, 12:33:08",Multi_Cav_Turn_Off
"02/06/2020, 16:43:59",Microphonics
"02/06/2020, 22:44:52",Multi_Cav_Turn_Off
"02/07/2020, 06:36:59",Quench_3ms
"02/07/2020, 06:55:51",Quench_3ms
"02/07/2020, 07:09:31",Quench_3ms
"02/07/2020, 07:15:07",Quench_3ms
"02/07/2020, 07:41:04",Quench_3ms
"02/07/2020, 07:47:41",Quench_3ms
"02/07/2020, 20:50:42",Single_Cav_Turn_Off
"02/09/2020, 01:58:17",Single_Cav_Turn_Off
"02/10/2020, 16:20:04",Single_Cav_Turn_Off
"02/12/2020, 20:37:29",Multi_Cav_Turn_Off
"02/12/2020, 21:54:08",Quench_3ms
"02/13/2020, 01:15:02",Quench_3ms
"02/16/2020, 14:38:16",Quench_3ms
"02/16/2020, 14:43:42",Quench_3ms
"02/17/2020, 15:26:50",Quench_3ms
"02/19/2020, 00:42:38",Quench_3ms
"02/19/2020, 00:46:17",Quench_3ms
"02/21/2020, 22:22:18",Quench_3ms
"02/22/2020, 12:28:34",Multi_Cav_Turn_Off
"02/22/2020, 22:52:23",Single_Cav_Turn_Off
"02/23/2020, 10:52:48",Single_Cav_Turn_Off
"02/23/2020, 13:53:01",Single_Cav_Turn_Off
"02/23/2020, 16:53:06",Single_Cav_Turn_Off
"02/23/2020, 16:54:23",Single_Cav_Turn_Off
"02/23/2020, 17:54:33",Single_Cav_Turn_Off
"02/23/2020, 17:55:06",Single_Cav_Turn_Off
"02/23/2020, 18:55:16",Single_Cav_Turn_Off
"02/23/2020, 21:01:10",Single_Cav_Turn_Off
"02/25/2020, 08:38:07",Multi_Cav_Turn_Off
"03/05/2020, 04:50:00",Multi_Cav_Turn_Off
"03/07/2020, 03:14:52",Microphonics
"03/07/2020, 03:25:06",Microphonics
"03/07/2020, 06:11:56",Microphonics
"03/07/2020, 06:30:44",Microphonics
"03/07/2020, 06:39:48",Microphonics
"03/07/2020, 07:06:55",Microphonics
"03/07/2020, 07:31:17",Microphonics
"03/07/2020, 10:42:39",Microphonics
"03/07/2020, 10:48:15",Microphonics
"03/07/2020, 10:54:57",Microphonics
"03/07/2020, 10:58:44",Microphonics
"03/07/2020, 18:29:16",Quench_3ms
"03/07/2020, 18:54:08",Quench_3ms
"03/07/2020, 19:01:15",Quench_3ms
"03/07/2020, 20:18:29",Quench_3ms
"03/07/2020, 21:51:21",Quench_3ms
"03/07/2020, 22:04:41",Quench_3ms
"03/08/2020, 11:04:18",Quench_3ms
"03/08/2020, 11:14:24",Quench_3ms
"03/08/2020, 11:18:53",Quench_3ms
"03/08/2020, 11:26:45",Quench_3ms
"03/08/2020, 11:29:09",Quench_3ms
"03/08/2020, 12:01:42",Quench_3ms
"03/08/2020, 12:03:11",Quench_3ms
"03/08/2020, 12:08:22",Quench_3ms
"03/08/2020, 12:31:55",Quench_3ms
"03/08/2020, 12:41:09",Quench_3ms
"03/08/2020, 13:26:01",Quench_3ms
"03/08/2020, 13:29:40",Quench_3ms
"03/08/2020, 15:55:59",Quench_3ms
"03/08/2020, 16:01:51",Controls_Fault
"03/08/2020, 16:18:16",Controls_Fault
"01/18/2019, 23:53:54",Quench_100ms
"01/19/2019, 09:19:04",Multi_Cav_Turn_Off
"01/20/2019, 11:34:20",Multi_Cav_Turn_Off
"01/21/2019, 16:31:01",Quench_100ms
"01/21/2019, 16:47:19",Quench_3ms
"01/21/2019, 16:51:53",Quench_3ms
"01/21/2019, 16:55:17",Quench_3ms
"01/21/2019, 16:57:52",Quench_3ms
"01/21/2019, 17:00:29",Quench_3ms
"01/21/2019, 17:03:41",Quench_3ms
"01/21/2019, 17:07:54",Quench_3ms
"01/21/2019, 17:13:25",Quench_3ms
"01/21/2019, 17:27:28",Quench_3ms
"01/21/2019, 17:32:44",Quench_3ms
"01/22/2019, 07:27:51",Quench_100ms
"01/22/2019, 08:06:08",Multi_Cav_Turn_Off
"01/23/2019, 08:33:36",Multi_Cav_Turn_Off
"01/23/2019, 12:02:21",Multi_Cav_Turn_Off
"01/24/2019, 05:57:53",Quench_100ms
"01/24/2019, 07:50:25",Quench_3ms
"01/24/2019, 08:07:07",Quench_3ms
"01/24/2019, 08:10:48",Quench_100ms
"01/24/2019, 08:33:16",Quench_3ms
"01/24/2019, 08:35:53",Quench_3ms
"01/24/2019, 08:37:46",Quench_3ms
"01/24/2019, 08:49:50",Quench_3ms
"01/24/2019, 08:57:00",Quench_3ms
"01/24/2019, 09:04:09",Quench_3ms
"01/24/2019, 09:08:51",Quench_100ms
"01/24/2019, 09:13:50",Quench_3ms
"01/24/2019, 09:14:32",Heat_Riser_Choke
"01/24/2019, 09:15:16",Heat_Riser_Choke
"01/24/2019, 09:19:16",Heat_Riser_Choke
"01/24/2019, 09:25:54",Quench_3ms
"01/24/2019, 09:33:26",Quench_3ms
"01/24/2019, 09:42:00",Quench_3ms
"01/24/2019, 09:42:46",Heat_Riser_Choke
"01/24/2019, 09:47:31",Quench_3ms
"01/24/2019, 09:51:21",Quench_3ms
"01/24/2019, 09:58:05",Microphonics
"01/24/2019, 10:05:41",Quench_3ms
"01/24/2019, 11:34:18",Quench_100ms
"01/24/2019, 14:01:29",Multi_Cav_Turn_Off
"01/29/2019, 19:24:00",Quench_3ms
"01/29/2019, 20:01:39",Quench_3ms
"01/29/2019, 20:08:02",Quench_3ms
"01/29/2019, 20:10:56",Quench_3ms
"01/30/2019, 00:39:58",Quench_3ms
"01/30/2019, 01:43:12",Multi_Cav_Turn_Off
"01/30/2019, 03:24:44",Multi_Cav_Turn_Off
"02/13/2019, 03:54:04",Microphonics
"02/13/2019, 03:56:05",Microphonics
"02/13/2019, 03:59:06",Microphonics
"02/13/2019, 04:00:39",Microphonics
"02/13/2019, 04:05:11",Microphonics
"02/13/2019, 04:14:11",Multi_Cav_Turn_Off
"02/13/2019, 04:28:54",Microphonics
"02/13/2019, 06:32:15",Microphonics
"02/13/2019, 06:33:35",Microphonics
"02/14/2019, 00:57:51",E_Quench
"02/14/2019, 08:49:00",Microphonics
"02/14/2019, 08:50:39",Microphonics
"02/15/2019, 09:26:08",Multi_Cav_Turn_Off
"02/15/2019, 23:24:50",Microphonics
"02/15/2019, 23:46:54",Microphonics
"02/15/2019, 23:47:44",Heat_Riser_Choke
"02/15/2019, 23:51:45",Microphonics
"02/15/2019, 23:52:30",Microphonics
"02/16/2019, 00:34:11",Microphonics
"02/16/2019, 00:47:01",Microphonics
"02/16/2019, 05:24:32",Microphonics
"02/16/2019, 05:36:39",Microphonics
"02/16/2019, 05:43:09",Microphonics
"02/16/2019, 06:32:51",Microphonics
"02/16/2019, 07:13:26",Microphonics
"02/16/2019, 07:37:23",Microphonics
"02/16/2019, 08:48:52",E_Quench
"02/16/2019, 08:49:44",Microphonics
"02/16/2019, 12:02:34",Microphonics
"02/17/2019, 13:47:32",Multi_Cav_Turn_Off
"02/17/2019, 14:03:52",Microphonics
"02/18/2019, 00:05:05",Controls_Fault
"02/18/2019, 04:54:30",Microphonics
"02/18/2019, 05:17:27",Microphonics
"02/18/2019, 08:51:49",Microphonics
"02/18/2019, 09:11:40",Microphonics
"02/18/2019, 19:26:37",E_Quench
"02/19/2019, 08:05:45",Multi_Cav_Turn_Off
"02/19/2019, 12:42:55",Quench_100ms
"02/20/2019, 23:06:36",Microphonics
"02/20/2019, 23:10:09",Microphonics
"02/21/2019, 00:47:00",Microphonics
"02/21/2019, 00:47:50",Microphonics
"02/21/2019, 02:10:44",E_Quench
"02/22/2019, 02:58:28",Microphonics
"02/22/2019, 04:55:12",Microphonics
"02/23/2019, 14:39:47",E_Quench
"02/24/2019, 02:45:52",Microphonics
"02/24/2019, 02:49:58",Microphonics
"02/24/2019, 03:10:23",Microphonics
"02/24/2019, 03:12:37",Microphonics
"02/24/2019, 03:38:15",Microphonics
"02/24/2019, 03:39:32",Microphonics
"02/24/2019, 03:49:24",Microphonics
"02/24/2019, 13:51:45",Microphonics
"02/24/2019, 13:52:35",Microphonics
"02/24/2019, 15:08:06",Microphonics
"02/24/2019, 16:39:57",Microphonics
"02/24/2019, 18:25:36",Microphonics
"02/24/2019, 19:23:09",Microphonics
"02/25/2019, 01:54:09",Microphonics
"02/25/2019, 01:54:57",Microphonics
"02/25/2019, 01:58:20",Microphonics
"02/25/2019, 03:12:19",Microphonics
"02/25/2019, 03:13:22",Multi_Cav_Turn_Off
"02/25/2019, 12:52:36",E_Quench
"02/26/2019, 08:07:36",Multi_Cav_Turn_Off
"02/26/2019, 12:24:42",Controls_Fault
"02/26/2019, 12:28:48",Controls_Fault
"02/27/2019, 18:48:49",Microphonics
"02/28/2019, 05:26:35",Microphonics
"03/01/2019, 04:48:40",E_Quench
"03/01/2019, 14:43:24",Microphonics
"03/01/2019, 23:06:36",Multi_Cav_Turn_Off
"03/02/2019, 13:13:36",Quench_100ms
"03/02/2019, 13:18:48",Quench_100ms
"03/02/2019, 22:48:47",E_Quench
"03/04/2019, 15:57:57",Multi_Cav_Turn_Off
"03/04/2019, 16:35:10",E_Quench
"03/05/2019, 10:01:58",Single_Cav_Turn_Off
"03/05/2019, 12:01:26",Multi_Cav_Turn_Off
"03/05/2019, 12:50:13",Controls_Fault
"03/05/2019, 23:38:50",Quench_100ms
"03/06/2019, 07:05:23",Multi_Cav_Turn_Off
"03/09/2019, 21:57:00",E_Quench
"03/11/2019, 22:10:35",Single_Cav_Turn_Off
"03/11/2019, 23:32:34",E_Quench
"03/12/2019, 20:04:40",Single_Cav_Turn_Off
"03/13/2019, 02:05:22",Single_Cav_Turn_Off
"03/13/2019, 22:40:37",E_Quench
"03/15/2019, 09:47:06",E_Quench
"03/15/2019, 20:43:04",Microphonics
"03/15/2019, 22:58:25",Single_Cav_Turn_Off
"03/16/2019, 03:58:51",Microphonics
"03/16/2019, 11:32:42",Microphonics
"03/16/2019, 11:34:19",Microphonics
"03/16/2019, 12:04:59",Microphonics
"03/17/2019, 15:58:59",Single_Cav_Turn_Off
"03/18/2019, 22:59:22",Single_Cav_Turn_Off
"03/19/2019, 17:07:21",Single_Cav_Turn_Off
"03/20/2019, 07:11:06",Multi_Cav_Turn_Off
"03/25/2019, 01:17:21",Microphonics
"03/26/2019, 08:07:22",Multi_Cav_Turn_Off
"03/26/2019, 19:58:47",Single_Cav_Turn_Off
"03/27/2019, 08:06:35",Quench_3ms
"03/28/2019, 05:00:09",Single_Cav_Turn_Off
"03/28/2019, 13:01:33",Single_Cav_Turn_Off
"03/28/2019, 13:39:24",E_Quench
"03/28/2019, 16:01:44",Single_Cav_Turn_Off
"03/28/2019, 20:02:01",Single_Cav_Turn_Off
"03/28/2019, 23:34:56",Microphonics
"03/29/2019, 04:11:21",Microphonics
"03/29/2019, 08:53:19",Microphonics
"03/29/2019, 15:09:55",Single_Cav_Turn_Off
"03/29/2019, 15:10:45",Microphonics
"03/29/2019, 15:24:55",Single_Cav_Turn_Off
"03/29/2019, 17:03:03",Single_Cav_Turn_Off
"03/29/2019, 18:04:38",Microphonics
"03/29/2019, 19:03:37",Single_Cav_Turn_Off
"03/29/2019, 19:11:07",Single_Cav_Turn_Off
"03/29/2019, 19:18:37",Single_Cav_Turn_Off
"03/29/2019, 21:30:23",Controls_Fault
"03/29/2019, 23:08:52",Single_Cav_Turn_Off
"03/30/2019, 01:09:05",Single_Cav_Turn_Off
"03/30/2019, 01:16:35",Single_Cav_Turn_Off
"03/30/2019, 03:29:20",E_Quench
"03/30/2019, 07:15:48",Single_Cav_Turn_Off
"03/30/2019, 07:23:18",Single_Cav_Turn_Off
"03/30/2019, 09:16:01",Single_Cav_Turn_Off
"03/30/2019, 10:16:30",Microphonics
"03/30/2019, 22:40:18",Microphonics
"03/31/2019, 04:59:07",Microphonics
"03/31/2019, 08:20:49",E_Quench
"03/31/2019, 11:16:26",Single_Cav_Turn_Off
"03/31/2019, 11:23:56",Single_Cav_Turn_Off
"04/01/2019, 09:46:41",Single_Cav_Turn_Off
"04/01/2019, 09:54:11",Single_Cav_Turn_Off
"04/01/2019, 10:01:42",Single_Cav_Turn_Off
"04/01/2019, 10:09:12",Single_Cav_Turn_Off
"04/01/2019, 10:16:41",Single_Cav_Turn_Off
"04/01/2019, 10:24:11",Single_Cav_Turn_Off
"04/01/2019, 10:29:13",Multi_Cav_Turn_Off
"04/01/2019, 16:10:58",Microphonics
"04/03/2019, 04:21:38",Microphonics
"04/03/2019, 14:04:44",Microphonics
"04/03/2019, 17:00:50",Single_Cav_Turn_Off
"04/03/2019, 20:08:54",Microphonics
"04/03/2019, 20:57:53",Microphonics
"04/04/2019, 06:08:07",Quench_3ms
"04/04/2019, 21:06:00",Microphonics
"04/04/2019, 22:48:07",Microphonics
"04/05/2019, 01:01:02",Single_Cav_Turn_Off
"04/05/2019, 07:01:44",Microphonics
"04/05/2019, 15:49:06",Microphonics
"04/05/2019, 16:44:03",Microphonics
"04/05/2019, 17:08:31",Single_Cav_Turn_Off
"04/05/2019, 17:22:41",Microphonics
"04/05/2019, 21:09:44",Microphonics
"04/05/2019, 21:45:12",Microphonics
"04/05/2019, 21:51:36",Microphonics
"04/05/2019, 21:53:11",Microphonics
"04/06/2019, 06:16:08",E_Quench
"04/06/2019, 07:06:22",Microphonics
"04/06/2019, 07:09:47",Microphonics
"04/06/2019, 08:01:10",Microphonics
"04/06/2019, 09:08:49",Single_Cav_Turn_Off
"04/06/2019, 12:38:38",Microphonics
"04/06/2019, 12:40:13",Microphonics
"04/06/2019, 12:41:06",Microphonics
"04/06/2019, 12:47:31",Microphonics
"04/06/2019, 13:08:46",Microphonics
"04/06/2019, 13:18:01",Microphonics
"04/06/2019, 13:18:50",Microphonics
"04/06/2019, 21:41:37",Microphonics
"04/07/2019, 03:22:46",Microphonics
"04/07/2019, 06:40:36",E_Quench
"04/07/2019, 15:54:30",Quench_3ms
"04/07/2019, 17:17:05",Microphonics
"04/08/2019, 02:54:57",Microphonics
"04/08/2019, 18:29:35",Microphonics
"04/09/2019, 05:05:48",E_Quench
"04/10/2019, 00:55:15",Microphonics
"04/10/2019, 04:40:36",Microphonics
"04/10/2019, 07:16:13",E_Quench
"04/10/2019, 07:53:35",Microphonics
"04/10/2019, 09:26:38",Microphonics
"04/11/2019, 13:30:40",Quench_3ms
"04/11/2019, 15:55:13",E_Quench
"04/11/2019, 20:33:20",Microphonics
"04/11/2019, 20:56:22",Microphonics
"04/11/2019, 21:04:16",Microphonics
"04/13/2019, 05:22:04",E_Quench
"04/13/2019, 14:06:54",Microphonics
"04/15/2019, 03:46:57",Controls_Fault
"04/15/2019, 06:18:43",Multi_Cav_Turn_Off
"11/26/2019, 08:19:12",Multi_Cav_Turn_Off
"11/27/2019, 14:25:49",Quench_100ms
"11/27/2019, 14:27:51",Single_Cav_Turn_Off
"11/27/2019, 14:29:06",Quench_100ms
"12/01/2019, 01:34:59",Controls_Fault
"12/01/2019, 06:27:17",Controls_Fault
"12/03/2019, 08:25:12",Microphonics
"12/03/2019, 09:05:39",Microphonics
"12/03/2019, 09:15:32",Microphonics
"12/03/2019, 21:01:52",Heat_Riser_Choke
"12/03/2019, 21:02:28",Heat_Riser_Choke
"12/04/2019, 10:23:47",Microphonics
"12/04/2019, 10:52:27",Microphonics
"12/08/2019, 10:39:14",Quench_3ms
"12/09/2019, 08:13:36",Multi_Cav_Turn_Off
"12/10/2019, 15:52:44",Quench_3ms
"12/11/2019, 14:01:57",Quench_100ms
"12/14/2019, 14:17:02",Quench_3ms
"12/16/2019, 09:10:41",Multi_Cav_Turn_Off
"12/16/2019, 10:26:28",Quench_100ms
"12/16/2019, 10:31:16",Quench_100ms
"12/16/2019, 10:34:37",Quench_100ms
"12/16/2019, 10:39:29",Quench_100ms
"12/17/2019, 08:44:45",Controls_Fault
"12/17/2019, 09:07:32",Controls_Fault
"12/18/2019, 09:05:43",Microphonics
"12/20/2019, 08:17:13",Multi_Cav_Turn_Off
"01/07/2020, 05:05:22",Single_Cav_Turn_Off
"01/07/2020, 05:12:51",Single_Cav_Turn_Off
"01/07/2020, 05:20:22",Single_Cav_Turn_Off
"01/07/2020, 05:27:52",Single_Cav_Turn_Off
"01/07/2020, 05:35:22",Single_Cav_Turn_Off
"01/07/2020, 05:50:43",Single_Cav_Turn_Off
"01/07/2020, 05:58:13",Single_Cav_Turn_Off
"01/07/2020, 16:51:10",Single_Cav_Turn_Off
"01/08/2020, 03:55:02",Single_Cav_Turn_Off
"01/08/2020, 09:13:00",Single_Cav_Turn_Off
"01/08/2020, 11:24:21",Quench_100ms
"01/08/2020, 11:24:32",Quench_100ms
"01/08/2020, 11:33:35",Quench_100ms
"01/10/2020, 18:55:53",Single_Cav_Turn_Off
"01/10/2020, 23:56:36",Single_Cav_Turn_Off
"01/11/2020, 00:57:20",Single_Cav_Turn_Off
"01/11/2020, 01:57:27",Single_Cav_Turn_Off
"01/11/2020, 19:24:42",Heat_Riser_Choke
"01/12/2020, 18:57:57",Single_Cav_Turn_Off
"01/12/2020, 18:58:44",Single_Cav_Turn_Off
"01/12/2020, 19:10:36",Single_Cav_Turn_Off
"01/13/2020, 08:17:43",Single_Cav_Turn_Off
"01/13/2020, 15:48:02",Quench_100ms
"01/13/2020, 15:51:44",Quench_100ms
"01/13/2020, 15:56:01",Quench_100ms
"01/14/2020, 07:06:08",Controls_Fault
"01/14/2020, 07:34:24",Quench_3ms
"01/14/2020, 10:11:50",Single_Cav_Turn_Off
"01/14/2020, 11:13:02",Controls_Fault
"01/14/2020, 11:14:20",Quench_3ms
"01/14/2020, 11:15:03",Quench_100ms
"01/14/2020, 11:23:49",Quench_100ms
"01/14/2020, 11:41:33",Multi_Cav_Turn_Off
"01/15/2020, 07:41:01",Quench_3ms
"01/15/2020, 07:42:18",Quench_3ms
"01/15/2020, 07:43:06",Quench_100ms
"01/15/2020, 07:43:46",Quench_3ms
"01/17/2020, 03:01:25",Controls_Fault
"01/17/2020, 10:28:12",Quench_3ms
"01/18/2020, 00:47:14",Controls_Fault
"01/18/2020, 02:29:04",Single_Cav_Turn_Off
"01/18/2020, 13:18:29",Microphonics
"01/19/2020, 08:29:18",Single_Cav_Turn_Off
"01/19/2020, 12:54:22",Quench_3ms
"01/19/2020, 20:51:34",Single_Cav_Turn_Off
"01/19/2020, 22:36:18",Single_Cav_Turn_Off
"01/20/2020, 05:36:32",Single_Cav_Turn_Off
"01/20/2020, 06:48:07",Single_Cav_Turn_Off
"01/20/2020, 06:55:37",Single_Cav_Turn_Off
"01/20/2020, 07:02:07",Single_Cav_Turn_Off
"01/20/2020, 08:02:39",Single_Cav_Turn_Off
"01/20/2020, 08:10:09",Single_Cav_Turn_Off
"01/20/2020, 10:48:14",Single_Cav_Turn_Off
"01/22/2020, 18:25:41",Quench_100ms
"01/23/2020, 15:37:19",Quench_3ms
"01/24/2020, 09:04:54",Microphonics
"01/25/2020, 19:16:34",Quench_3ms
"01/26/2020, 20:49:48",Single_Cav_Turn_Off
"01/27/2020, 02:50:58",Single_Cav_Turn_Off
"01/29/2020, 11:51:31",Single_Cav_Turn_Off
"01/29/2020, 13:39:18",Microphonics
"01/29/2020, 17:51:39",Single_Cav_Turn_Off
"01/30/2020, 00:52:15",Single_Cav_Turn_Off
"02/02/2020, 05:53:16",Single_Cav_Turn_Off
"02/02/2020, 07:53:50",Single_Cav_Turn_Off
"02/02/2020, 10:25:42",Multi_Cav_Turn_Off
"02/02/2020, 18:47:45",Heat_Riser_Choke
"02/04/2020, 10:30:43",Microphonics
"02/04/2020, 14:22:05",Quench_3ms
"02/04/2020, 14:23:32",Quench_100ms
"02/05/2020, 06:57:54",Microphonics
"02/05/2020, 06:58:37",Microphonics
"02/05/2020, 07:55:27",Controls_Fault
"02/06/2020, 08:19:17",Microphonics
"02/06/2020, 10:58:40",Microphonics
"02/06/2020, 11:22:12",Microphonics
"02/06/2020, 11:27:24",Single_Cav_Turn_Off
"02/06/2020, 19:27:38",Microphonics
"02/06/2020, 19:28:36",Microphonics
"02/06/2020, 19:29:45",Microphonics
"02/06/2020, 19:34:44",Microphonics
"02/06/2020, 20:27:22",Microphonics
"02/06/2020, 22:54:56",Single_Cav_Turn_Off
"02/07/2020, 01:29:46",Controls_Fault
"02/07/2020, 01:33:07",Controls_Fault
"02/07/2020, 10:00:36",Microphonics
"02/09/2020, 12:23:43",Quench_100ms
"02/09/2020, 12:24:33",Quench_100ms
"02/10/2020, 03:05:09",Quench_3ms
"02/11/2020, 18:54:02",Microphonics
"02/12/2020, 20:36:54",Multi_Cav_Turn_Off
"02/12/2020, 20:37:37",Multi_Cav_Turn_Off
"02/12/2020, 21:24:20",Controls_Fault
"02/13/2020, 12:20:33",Microphonics
"02/13/2020, 13:39:12",Microphonics
"02/13/2020, 13:43:35",Microphonics
"02/13/2020, 13:53:07",Microphonics
"02/13/2020, 14:00:17",Microphonics
"02/13/2020, 14:02:42",Microphonics
"02/13/2020, 14:28:48",Microphonics
"02/13/2020, 14:32:22",Microphonics
"02/13/2020, 14:35:57",Microphonics
"02/13/2020, 14:43:01",Microphonics
"02/17/2020, 06:33:00",Quench_100ms
"02/17/2020, 06:34:12",Microphonics
"02/17/2020, 06:44:23",Quench_100ms
"02/17/2020, 07:38:30",Quench_3ms
"02/17/2020, 11:40:32",Multi_Cav_Turn_Off
"02/17/2020, 19:34:39",Multi_Cav_Turn_Off
"02/18/2020, 08:26:00",Quench_3ms
"02/18/2020, 08:27:40",Microphonics
"02/18/2020, 08:29:26",Microphonics
"02/18/2020, 08:40:56",Microphonics
"02/18/2020, 08:45:49",Microphonics
"02/18/2020, 08:52:50",Microphonics
"02/18/2020, 14:52:44",Microphonics
"02/19/2020, 05:27:39",Quench_100ms
"02/19/2020, 05:55:49",Quench_100ms
"02/19/2020, 08:22:04",Microphonics
"02/19/2020, 08:23:18",Quench_100ms
"02/19/2020, 16:18:13",Quench_100ms
"02/20/2020, 03:52:06",Quench_100ms
"02/20/2020, 05:11:43",Controls_Fault
"02/20/2020, 05:38:47",Quench_3ms
"02/20/2020, 07:43:01",Microphonics
"02/20/2020, 08:58:16",Quench_100ms
"02/20/2020, 09:10:26",Quench_100ms
"02/20/2020, 09:11:40",Quench_100ms
"02/20/2020, 10:05:16",Quench_100ms
"02/20/2020, 10:26:33",Quench_100ms
"02/20/2020, 12:14:21",Quench_100ms
"02/20/2020, 12:15:57",Quench_100ms
"02/20/2020, 13:13:55",Quench_100ms
"02/20/2020, 14:46:25",Quench_100ms
"02/20/2020, 14:50:09",Quench_100ms
"02/20/2020, 15:12:45",Quench_100ms
"02/20/2020, 15:39:20",Quench_100ms
"02/20/2020, 20:38:03",Quench_100ms
"02/21/2020, 00:23:38",Quench_100ms
"02/21/2020, 02:27:51",Quench_100ms
"02/21/2020, 02:57:56",Quench_100ms
"02/21/2020, 03:20:50",Quench_100ms
"02/21/2020, 04:26:16",Quench_100ms
"02/21/2020, 04:31:24",Quench_100ms
"02/21/2020, 04:34:20",Quench_100ms
"02/21/2020, 04:48:31",Quench_3ms
"02/21/2020, 06:59:34",Quench_3ms
"02/21/2020, 07:03:26",Quench_100ms
"02/21/2020, 07:13:18",Quench_100ms
"02/21/2020, 07:58:05",Quench_100ms
"02/21/2020, 08:39:57",Quench_100ms
"02/21/2020, 09:33:19",Quench_100ms
"02/21/2020, 10:03:03",Quench_100ms
"02/21/2020, 10:21:53",Quench_3ms
"02/21/2020, 11:01:30",Microphonics
"02/21/2020, 11:03:05",Microphonics
"02/21/2020, 13:23:53",Microphonics
"02/21/2020, 13:49:59",Controls_Fault
"02/21/2020, 18:16:24",Microphonics
"02/21/2020, 18:19:36",Microphonics
"02/21/2020, 18:20:47",Microphonics
"02/21/2020, 18:35:39",Microphonics
"02/21/2020, 22:09:09",Quench_3ms
"02/22/2020, 04:16:56",Quench_3ms
"02/22/2020, 09:02:13",Microphonics
"02/22/2020, 12:22:03",Multi_Cav_Turn_Off
"02/23/2020, 06:12:51",Quench_100ms
"02/23/2020, 07:39:51",Quench_100ms
"02/23/2020, 08:26:25",Quench_100ms
"02/23/2020, 12:17:33",Quench_100ms
"02/23/2020, 20:02:07",Quench_100ms
"02/24/2020, 00:00:15",Quench_100ms
"02/24/2020, 00:26:30",Quench_100ms
"02/24/2020, 04:08:49",Quench_100ms
"02/25/2020, 08:17:49",Quench_100ms
"02/25/2020, 08:38:14",Multi_Cav_Turn_Off
"02/25/2020, 13:50:49",Quench_100ms
"02/25/2020, 14:02:39",Quench_100ms
"02/25/2020, 14:06:34",Quench_100ms
"02/25/2020, 20:35:06",Quench_100ms
"02/26/2020, 04:11:28",Quench_100ms
"02/26/2020, 05:15:27",Quench_3ms
"02/26/2020, 05:43:00",Quench_100ms
"02/26/2020, 05:48:50",Quench_100ms
"02/26/2020, 08:00:13",Single_Cav_Turn_Off
"02/27/2020, 05:07:21",Quench_100ms
"02/28/2020, 03:37:32",Quench_100ms
"02/29/2020, 21:01:30",Quench_100ms
"02/29/2020, 23:42:35",Quench_100ms
"03/01/2020, 01:28:16",Quench_100ms
"03/02/2020, 04:10:07",E_Quench
"03/04/2020, 15:22:06",E_Quench
"03/05/2020, 21:56:39",Quench_100ms
"03/05/2020, 21:58:23",Quench_3ms
"03/06/2020, 10:15:37",Quench_3ms
"03/06/2020, 13:05:01",Quench_100ms
"03/06/2020, 13:17:38",Controls_Fault
"03/06/2020, 13:52:10",Quench_3ms
"03/06/2020, 14:35:12",Quench_3ms
"03/06/2020, 15:11:39",Quench_100ms
"03/06/2020, 17:19:53",E_Quench
"03/06/2020, 20:53:42",Quench_100ms
"03/07/2020, 00:48:50",Quench_100ms
"03/07/2020, 18:55:07",Single_Cav_Turn_Off
"03/08/2020, 06:56:52",Quench_100ms
"03/08/2020, 22:52:10",Quench_100ms
"03/08/2020, 23:44:45",Quench_100ms
"03/09/2020, 00:16:36",Quench_100ms
"03/09/2020, 01:56:16",Quench_100ms
"03/09/2020, 02:03:59",Quench_100ms
"03/09/2020, 02:20:06",Quench_100ms
"03/09/2020, 02:50:58",Quench_3ms
"03/09/2020, 03:05:41",Quench_100ms
"01/18/2019, 14:33:52",E_Quench
"01/18/2019, 15:33:40",Multi_Cav_Turn_Off
"01/18/2019, 21:56:02",E_Quench
"01/18/2019, 22:49:12",E_Quench
"01/19/2019, 00:07:54",E_Quench
"01/19/2019, 00:55:49",E_Quench
"01/19/2019, 02:22:28",E_Quench
"01/19/2019, 07:28:14",E_Quench
"01/19/2019, 09:13:52",E_Quench
"01/19/2019, 12:48:08",E_Quench
"01/19/2019, 21:27:36",E_Quench
"01/19/2019, 23:58:50",E_Quench
"01/20/2019, 00:40:42",E_Quench
"01/20/2019, 02:19:22",E_Quench
"01/20/2019, 05:01:09",E_Quench
"01/20/2019, 06:58:17",E_Quench
"01/20/2019, 08:14:50",E_Quench
"01/20/2019, 09:30:03",E_Quench
"01/20/2019, 10:54:01",E_Quench
"01/20/2019, 12:02:56",E_Quench
"01/20/2019, 15:53:33",E_Quench
"01/20/2019, 19:08:16",E_Quench
"01/21/2019, 06:24:42",E_Quench
"01/21/2019, 11:02:55",Multi_Cav_Turn_Off
"01/21/2019, 11:05:23",Multi_Cav_Turn_Off
"01/21/2019, 11:09:23",Multi_Cav_Turn_Off
"01/21/2019, 11:52:04",E_Quench
"01/21/2019, 17:17:32",E_Quench
"01/21/2019, 23:38:00",E_Quench
"01/22/2019, 07:27:46",Quench_100ms
"01/22/2019, 07:33:15",Quench_100ms
"01/22/2019, 08:06:11",Multi_Cav_Turn_Off
"01/22/2019, 18:05:04",Quench_100ms
"01/22/2019, 18:19:29",Quench_100ms
"01/22/2019, 22:10:20",E_Quench
"01/23/2019, 03:25:06",E_Quench
"01/23/2019, 08:33:40",Multi_Cav_Turn_Off
"01/23/2019, 18:42:33",Quench_100ms
"01/24/2019, 05:02:00",Quench_100ms
"01/24/2019, 05:13:11",Quench_100ms
"01/24/2019, 05:16:34",Quench_100ms
"01/24/2019, 05:21:44",Quench_100ms
"01/24/2019, 05:30:35",Quench_100ms
"01/24/2019, 05:36:44",Quench_100ms
"01/24/2019, 05:40:24",Quench_100ms
"01/24/2019, 05:42:56",Quench_100ms
"01/24/2019, 05:48:47",Quench_100ms
"01/24/2019, 05:51:24",Quench_100ms
"01/24/2019, 05:53:57",Quench_100ms
"01/24/2019, 05:56:19",Quench_100ms
"01/24/2019, 05:59:58",Quench_100ms
"01/24/2019, 06:05:36",Quench_100ms
"01/24/2019, 07:17:05",Quench_100ms
"01/24/2019, 07:23:20",Quench_100ms
"01/24/2019, 07:25:56",Quench_100ms
"01/24/2019, 07:30:55",Quench_100ms
"01/24/2019, 07:33:06",Quench_100ms
"01/24/2019, 07:35:10",Quench_100ms
"11/26/2019, 07:55:36",Microphonics
"11/26/2019, 08:19:15",Multi_Cav_Turn_Off
"11/26/2019, 11:59:23",Controls_Fault
"11/26/2019, 12:17:49",Quench_100ms
"11/26/2019, 12:23:48",Quench_100ms
"11/26/2019, 14:03:52",Controls_Fault
"11/26/2019, 14:42:15",Quench_100ms
"11/26/2019, 14:52:30",Quench_100ms
"11/26/2019, 23:08:35",Microphonics
"11/27/2019, 13:34:18",Quench_100ms
"11/27/2019, 15:44:45",Multi_Cav_Turn_Off
"11/27/2019, 17:54:56",Quench_100ms
"11/27/2019, 18:00:43",Quench_100ms
"11/27/2019, 18:03:09",Quench_100ms
"11/27/2019, 18:08:33",Quench_100ms
"11/27/2019, 18:12:42",Quench_100ms
"11/27/2019, 18:15:05",Quench_100ms
"11/27/2019, 18:18:28",Quench_100ms
"11/27/2019, 22:59:12",Quench_100ms
"11/28/2019, 01:00:16",Quench_100ms
"11/28/2019, 05:01:02",Quench_100ms
"11/28/2019, 05:15:51",Quench_100ms
"11/28/2019, 05:30:26",Quench_100ms
"11/28/2019, 05:46:09",Quench_100ms
"11/28/2019, 06:03:51",Quench_100ms
"11/28/2019, 06:13:32",Quench_100ms
"11/28/2019, 06:24:31",Quench_100ms
"11/28/2019, 06:37:11",Quench_100ms
"11/28/2019, 06:48:01",Quench_100ms
"11/28/2019, 07:57:26",Quench_100ms
"11/28/2019, 08:05:56",Quench_100ms
"11/28/2019, 08:12:49",Quench_100ms
"11/28/2019, 08:26:58",Quench_100ms
"11/28/2019, 08:44:04",Quench_100ms
"11/28/2019, 08:57:52",Quench_100ms
"11/28/2019, 09:40:39",Quench_100ms
"11/29/2019, 00:14:00",Quench_100ms
"11/29/2019, 00:32:31",Quench_100ms
"11/29/2019, 00:43:17",Quench_100ms
"11/29/2019, 03:11:40",Single_Cav_Turn_Off
"11/29/2019, 07:29:14",Quench_100ms
"11/29/2019, 18:33:55",Single_Cav_Turn_Off
"11/29/2019, 19:28:37",Controls_Fault
"11/29/2019, 21:12:50",Single_Cav_Turn_Off
"11/29/2019, 21:20:20",Single_Cav_Turn_Off
"11/29/2019, 22:42:46",Quench_100ms
"11/29/2019, 22:57:28",Quench_100ms
"11/29/2019, 22:57:37",Quench_100ms
"11/29/2019, 23:08:36",Quench_100ms
"11/29/2019, 23:17:13",Quench_100ms
"11/29/2019, 23:24:04",Quench_100ms
"11/29/2019, 23:34:09",Quench_100ms
"11/29/2019, 23:46:29",Quench_100ms
"11/29/2019, 23:59:34",Quench_100ms
"11/30/2019, 00:08:39",Quench_100ms
"11/30/2019, 00:23:46",Quench_100ms
"11/30/2019, 00:40:03",Quench_100ms
"11/30/2019, 00:51:47",Quench_100ms
"11/30/2019, 00:58:26",Quench_100ms
"11/30/2019, 01:06:03",Quench_100ms
"11/30/2019, 02:13:27",Single_Cav_Turn_Off
"11/30/2019, 02:20:58",Single_Cav_Turn_Off
"11/30/2019, 03:14:03",Single_Cav_Turn_Off
"11/30/2019, 03:21:33",Single_Cav_Turn_Off
"11/30/2019, 05:30:17",Single_Cav_Turn_Off
"11/30/2019, 05:37:47",Single_Cav_Turn_Off
"11/30/2019, 05:53:28",Single_Cav_Turn_Off
"11/30/2019, 06:00:58",Single_Cav_Turn_Off
"11/30/2019, 06:08:28",Single_Cav_Turn_Off
"11/30/2019, 06:15:58",Single_Cav_Turn_Off
"11/30/2019, 08:16:30",Single_Cav_Turn_Off
"11/30/2019, 08:54:48",Single_Cav_Turn_Off
"11/30/2019, 09:17:46",Single_Cav_Turn_Off
"11/30/2019, 10:18:20",Single_Cav_Turn_Off
"11/30/2019, 18:04:39",Quench_100ms
"12/01/2019, 00:00:59",Controls_Fault
"12/01/2019, 01:06:49",Single_Cav_Turn_Off
"12/01/2019, 01:48:05",Single_Cav_Turn_Off
"12/01/2019, 01:57:05",Controls_Fault
"12/01/2019, 02:11:38",Controls_Fault
"12/01/2019, 02:28:18",Controls_Fault
"12/01/2019, 02:45:01",Controls_Fault
"12/01/2019, 02:54:07",Controls_Fault
"12/01/2019, 03:03:52",Controls_Fault
"12/01/2019, 03:10:43",E_Quench
"12/01/2019, 03:20:24",Controls_Fault
"12/01/2019, 03:24:28",Controls_Fault
"12/01/2019, 03:34:15",Controls_Fault
"12/01/2019, 03:50:53",Controls_Fault
"12/01/2019, 03:55:57",Controls_Fault
"12/01/2019, 04:20:07",Controls_Fault
"12/01/2019, 04:26:22",Controls_Fault
"12/01/2019, 06:01:40",Controls_Fault
"12/01/2019, 06:09:33",Controls_Fault
"12/01/2019, 06:27:17",Multi_Cav_Turn_Off
"12/01/2019, 10:05:27",Controls_Fault
"12/01/2019, 10:26:48",Controls_Fault
"12/01/2019, 10:50:24",Controls_Fault
"12/01/2019, 13:50:57",Controls_Fault
"12/01/2019, 13:55:42",Controls_Fault
"12/01/2019, 14:09:40",Controls_Fault
"12/01/2019, 14:31:54",Quench_100ms
"12/01/2019, 14:36:15",Controls_Fault
"12/01/2019, 14:41:07",Controls_Fault
"12/01/2019, 14:44:20",Controls_Fault
"12/01/2019, 15:10:20",Quench_100ms
"12/01/2019, 15:51:59",Quench_100ms
"12/01/2019, 15:55:28",Controls_Fault
"12/01/2019, 16:02:01",Quench_100ms
"12/01/2019, 16:06:58",Controls_Fault
"12/01/2019, 16:08:10",Quench_100ms
"12/01/2019, 16:48:33",Controls_Fault
"12/01/2019, 16:51:48",Controls_Fault
"12/01/2019, 17:20:10",Multi_Cav_Turn_Off
"12/01/2019, 17:47:24",Controls_Fault
"12/01/2019, 17:54:57",Controls_Fault
"12/01/2019, 17:59:02",Controls_Fault
"12/01/2019, 18:02:22",Controls_Fault
"12/01/2019, 18:09:08",Controls_Fault
"12/01/2019, 18:17:42",Controls_Fault
"12/01/2019, 18:21:55",Controls_Fault
"12/01/2019, 18:38:42",Controls_Fault
"12/01/2019, 18:41:23",Controls_Fault
"12/01/2019, 18:43:10",Single_Cav_Turn_Off
"12/01/2019, 18:43:38",Controls_Fault
"12/01/2019, 19:04:46",Controls_Fault
"12/01/2019, 20:03:18",Controls_Fault
"12/01/2019, 20:49:22",Controls_Fault
"12/01/2019, 21:09:35",Controls_Fault
"12/02/2019, 08:47:45",Quench_100ms
"12/02/2019, 08:57:58",Quench_100ms
"12/02/2019, 09:03:22",Quench_100ms
"12/02/2019, 09:12:01",Quench_100ms
"12/02/2019, 13:29:14",Microphonics
"12/03/2019, 02:29:40",Single_Cav_Turn_Off
"12/03/2019, 06:04:58",Quench_100ms
"12/03/2019, 06:07:38",Quench_100ms
"12/03/2019, 06:12:06",Quench_100ms
"12/03/2019, 06:30:38",Quench_100ms
"12/03/2019, 10:04:53",Quench_100ms
"12/03/2019, 10:14:25",Quench_100ms
"12/04/2019, 10:23:48",Microphonics
"12/04/2019, 10:50:18",Quench_100ms
"12/04/2019, 10:52:29",Microphonics
"12/04/2019, 11:49:59",Quench_100ms
"12/04/2019, 12:24:56",Single_Cav_Turn_Off
"12/04/2019, 12:40:07",Quench_100ms
"12/04/2019, 12:48:32",Quench_100ms
"12/04/2019, 13:36:39",Single_Cav_Turn_Off
"12/04/2019, 15:07:36",Microphonics
"12/04/2019, 15:31:10",Single_Cav_Turn_Off
"12/05/2019, 00:05:45",Quench_100ms
"12/05/2019, 04:25:29",Quench_100ms
"12/05/2019, 05:24:25",Quench_100ms
"12/05/2019, 08:32:55",Single_Cav_Turn_Off
"12/05/2019, 09:13:19",Microphonics
"12/05/2019, 14:31:41",Microphonics
"12/05/2019, 22:19:09",Single_Cav_Turn_Off
"12/06/2019, 00:21:03",Single_Cav_Turn_Off
"12/06/2019, 00:28:33",Single_Cav_Turn_Off
"12/06/2019, 00:36:03",Single_Cav_Turn_Off
"12/06/2019, 00:43:33",Single_Cav_Turn_Off
"12/06/2019, 00:51:03",Single_Cav_Turn_Off
"12/06/2019, 00:58:33",Single_Cav_Turn_Off
"12/06/2019, 01:06:03",Single_Cav_Turn_Off
"12/06/2019, 01:21:27",Single_Cav_Turn_Off
"12/06/2019, 01:28:57",Single_Cav_Turn_Off
"12/06/2019, 03:21:57",Single_Cav_Turn_Off
"12/06/2019, 05:22:38",Single_Cav_Turn_Off
"12/06/2019, 06:23:11",Single_Cav_Turn_Off
"12/06/2019, 06:30:41",Single_Cav_Turn_Off
"12/06/2019, 10:08:37",Multi_Cav_Turn_Off
"12/06/2019, 18:30:53",Single_Cav_Turn_Off
"12/06/2019, 20:10:34",Controls_Fault
"12/08/2019, 03:33:02",Heat_Riser_Choke
"12/08/2019, 12:25:37",Single_Cav_Turn_Off
"12/08/2019, 18:26:00",Single_Cav_Turn_Off
"12/08/2019, 23:26:10",Single_Cav_Turn_Off
"12/09/2019, 03:28:35",Single_Cav_Turn_Off
"12/09/2019, 03:36:05",Single_Cav_Turn_Off
"12/09/2019, 07:12:06",Single_Cav_Turn_Off
"12/09/2019, 08:13:43",Multi_Cav_Turn_Off
"12/11/2019, 05:56:46",Single_Cav_Turn_Off
"12/11/2019, 06:04:43",Single_Cav_Turn_Off
"12/11/2019, 06:25:57",Controls_Fault
"12/11/2019, 06:31:17",Controls_Fault
"12/11/2019, 06:47:00",Controls_Fault
"12/11/2019, 06:58:00",Controls_Fault
"12/11/2019, 07:02:25",Controls_Fault
"12/11/2019, 10:15:49",Microphonics
"12/11/2019, 10:23:45",Microphonics
"12/11/2019, 13:54:13",Microphonics
"12/11/2019, 13:56:55",Microphonics
"12/11/2019, 14:00:38",Microphonics
"12/11/2019, 14:19:26",Microphonics
"12/11/2019, 14:43:51",Microphonics
"12/11/2019, 15:01:54",Microphonics
"12/11/2019, 15:08:29",Microphonics
"12/12/2019, 08:35:57",Microphonics
"12/12/2019, 10:37:02",Microphonics
"12/12/2019, 13:14:58",Microphonics
"12/13/2019, 07:58:54",Quench_100ms
"12/13/2019, 08:09:40",Quench_100ms
"12/13/2019, 11:31:58",Single_Cav_Turn_Off
"12/13/2019, 11:39:28",Single_Cav_Turn_Off
"12/13/2019, 16:33:14",Single_Cav_Turn_Off
"12/13/2019, 16:51:11",Single_Cav_Turn_Off
"12/13/2019, 16:54:19",Single_Cav_Turn_Off
"12/13/2019, 16:55:35",Single_Cav_Turn_Off
"12/13/2019, 16:59:26",Single_Cav_Turn_Off
"12/13/2019, 18:39:12",Single_Cav_Turn_Off
"12/13/2019, 19:33:38",Single_Cav_Turn_Off
"12/13/2019, 19:40:39",Single_Cav_Turn_Off
"12/13/2019, 20:39:29",Single_Cav_Turn_Off
"12/14/2019, 04:06:44",Single_Cav_Turn_Off
"12/14/2019, 08:22:46",Single_Cav_Turn_Off
"12/14/2019, 09:07:31",Single_Cav_Turn_Off
"12/14/2019, 09:45:19",Single_Cav_Turn_Off
"12/14/2019, 10:38:13",Single_Cav_Turn_Off
"12/14/2019, 10:43:50",Single_Cav_Turn_Off
"12/14/2019, 10:46:06",Single_Cav_Turn_Off
"12/14/2019, 10:54:53",Single_Cav_Turn_Off
"12/14/2019, 10:57:15",Single_Cav_Turn_Off
"12/14/2019, 11:03:28",Single_Cav_Turn_Off
"12/14/2019, 11:16:35",Single_Cav_Turn_Off
"12/14/2019, 11:17:43",Single_Cav_Turn_Off
"12/14/2019, 11:58:57",Single_Cav_Turn_Off
"12/14/2019, 12:03:54",Single_Cav_Turn_Off
"12/14/2019, 12:14:08",Single_Cav_Turn_Off
"12/14/2019, 12:26:09",Single_Cav_Turn_Off
"12/14/2019, 13:01:13",Single_Cav_Turn_Off
"12/14/2019, 13:46:35",Single_Cav_Turn_Off
"12/14/2019, 14:39:53",Single_Cav_Turn_Off
"12/14/2019, 16:54:12",Single_Cav_Turn_Off
"12/14/2019, 17:36:34",Single_Cav_Turn_Off
"12/14/2019, 19:40:11",Single_Cav_Turn_Off
"12/14/2019, 19:47:41",Single_Cav_Turn_Off
"12/15/2019, 03:24:23",Single_Cav_Turn_Off
"12/15/2019, 05:54:23",Single_Cav_Turn_Off
"12/15/2019, 06:44:23",Single_Cav_Turn_Off
"12/15/2019, 07:34:23",Single_Cav_Turn_Off
"12/15/2019, 10:33:53",Single_Cav_Turn_Off
"12/15/2019, 23:55:07",Single_Cav_Turn_Off
"12/16/2019, 02:02:41",Single_Cav_Turn_Off
"12/16/2019, 06:35:38",Single_Cav_Turn_Off
"12/16/2019, 07:26:36",Single_Cav_Turn_Off
"12/16/2019, 07:30:27",Single_Cav_Turn_Off
"12/16/2019, 10:34:31",Quench_100ms
"12/17/2019, 08:44:45",Multi_Cav_Turn_Off
"12/17/2019, 09:07:32",Controls_Fault
"12/17/2019, 10:06:56",Single_Cav_Turn_Off
"12/17/2019, 10:46:29",Single_Cav_Turn_Off
"12/17/2019, 11:31:40",Single_Cav_Turn_Off
"12/17/2019, 11:42:15",Single_Cav_Turn_Off
"12/17/2019, 20:55:35",Single_Cav_Turn_Off
"12/17/2019, 22:35:35",Single_Cav_Turn_Off
"12/17/2019, 23:25:35",Single_Cav_Turn_Off
"12/18/2019, 00:15:35",Single_Cav_Turn_Off
"12/18/2019, 09:05:42",Microphonics
"01/06/2020, 05:17:44",Single_Cav_Turn_Off
"01/06/2020, 06:07:44",Single_Cav_Turn_Off
"01/06/2020, 20:33:05",Single_Cav_Turn_Off
"01/06/2020, 23:16:20",Controls_Fault
"01/07/2020, 00:40:37",Single_Cav_Turn_Off
"01/07/2020, 03:42:37",Single_Cav_Turn_Off
"01/07/2020, 04:16:36",Single_Cav_Turn_Off
"01/07/2020, 09:31:48",Microphonics
"01/08/2020, 09:13:07",Microphonics
"01/08/2020, 11:32:09",Quench_100ms
"01/08/2020, 11:45:29",Quench_100ms
"01/08/2020, 11:53:37",Single_Cav_Turn_Off
"01/08/2020, 11:58:27",Quench_100ms
"01/08/2020, 12:03:16",Quench_100ms
"01/09/2020, 18:31:37",Microphonics
"01/10/2020, 05:24:01",Single_Cav_Turn_Off
"01/10/2020, 05:24:41",Single_Cav_Turn_Off
"01/10/2020, 07:04:59",Single_Cav_Turn_Off
"01/10/2020, 09:47:05",Quench_100ms
"01/10/2020, 10:28:14",Single_Cav_Turn_Off
"01/10/2020, 11:07:39",Quench_100ms
"01/10/2020, 11:19:22",Quench_100ms
"01/10/2020, 11:21:23",Microphonics
"01/10/2020, 11:29:31",Quench_100ms
"01/10/2020, 11:51:21",Quench_100ms
"01/10/2020, 13:13:55",Quench_100ms
"01/10/2020, 14:40:17",Quench_100ms
"01/10/2020, 14:50:14",Quench_100ms
"01/10/2020, 14:51:42",Quench_100ms
"01/10/2020, 14:54:08",Quench_100ms
"01/10/2020, 15:10:46",Quench_100ms
"01/10/2020, 15:12:44",Quench_100ms
"01/10/2020, 15:14:29",Quench_100ms
"01/10/2020, 16:28:28",Quench_100ms
"01/11/2020, 11:12:39",Microphonics
"01/12/2020, 05:27:58",Multi_Cav_Turn_Off
"01/12/2020, 05:54:50",Controls_Fault
"01/12/2020, 07:45:42",Controls_Fault
"01/12/2020, 09:21:45",Microphonics
"01/12/2020, 11:56:53",Single_Cav_Turn_Off
"01/12/2020, 12:01:31",Microphonics
"01/12/2020, 12:18:37",Single_Cav_Turn_Off
"01/12/2020, 12:21:35",Controls_Fault
"01/12/2020, 12:30:24",Controls_Fault
"01/12/2020, 12:32:33",Controls_Fault
"01/12/2020, 12:40:40",Controls_Fault
"01/12/2020, 13:05:59",Single_Cav_Turn_Off
"01/12/2020, 13:08:07",Controls_Fault
"01/12/2020, 13:10:08",Controls_Fault
"01/12/2020, 13:12:03",Controls_Fault
"01/12/2020, 13:14:33",Controls_Fault
"01/12/2020, 13:16:28",Single_Cav_Turn_Off
"01/12/2020, 13:31:20",Single_Cav_Turn_Off
"01/12/2020, 13:35:05",Single_Cav_Turn_Off
"01/12/2020, 14:07:44",Single_Cav_Turn_Off
"01/12/2020, 14:13:08",Controls_Fault
"01/12/2020, 14:26:28",Single_Cav_Turn_Off
"01/12/2020, 15:16:31",Controls_Fault
"01/12/2020, 15:49:18",Controls_Fault
"01/12/2020, 15:50:36",Controls_Fault
"01/12/2020, 15:56:17",Controls_Fault
"01/12/2020, 16:04:00",Controls_Fault
"01/12/2020, 16:10:59",Controls_Fault
"01/12/2020, 16:18:05",Single_Cav_Turn_Off
"01/12/2020, 16:25:03",Controls_Fault
"01/12/2020, 16:30:40",Controls_Fault
"01/12/2020, 16:39:27",Controls_Fault
"01/12/2020, 17:01:53",Controls_Fault
"01/12/2020, 17:31:47",Single_Cav_Turn_Off
"01/12/2020, 17:38:36",Controls_Fault
"01/12/2020, 18:23:55",Controls_Fault
"01/12/2020, 18:27:24",Controls_Fault
"01/12/2020, 18:31:18",Single_Cav_Turn_Off
"01/12/2020, 18:33:07",Controls_Fault
"01/12/2020, 18:37:46",Controls_Fault
"01/12/2020, 18:53:11",Controls_Fault
"01/12/2020, 18:55:46",Controls_Fault
"01/12/2020, 18:57:18",Controls_Fault
"01/12/2020, 18:59:49",Controls_Fault
"01/12/2020, 19:01:16",Controls_Fault
"01/12/2020, 21:57:37",Controls_Fault
"01/12/2020, 21:59:35",Single_Cav_Turn_Off
"01/12/2020, 22:13:26",Controls_Fault
"01/12/2020, 22:14:23",Single_Cav_Turn_Off
"01/12/2020, 22:17:14",Controls_Fault
"01/12/2020, 22:22:22",Controls_Fault
"01/13/2020, 00:47:00",Controls_Fault
"01/13/2020, 00:55:18",Single_Cav_Turn_Off
"01/13/2020, 01:35:37",Single_Cav_Turn_Off
"01/13/2020, 02:25:53",Controls_Fault
"01/13/2020, 02:37:34",Single_Cav_Turn_Off
"01/13/2020, 05:18:43",Single_Cav_Turn_Off
"01/13/2020, 08:17:29",Single_Cav_Turn_Off
"01/14/2020, 03:42:40",Single_Cav_Turn_Off
"01/14/2020, 10:12:00",Single_Cav_Turn_Off
"01/14/2020, 11:41:33",Multi_Cav_Turn_Off
"01/16/2020, 07:04:06",Quench_100ms
"01/16/2020, 07:14:10",Quench_100ms
"01/16/2020, 07:40:20",Quench_100ms
"01/16/2020, 07:48:05",Quench_100ms
"01/16/2020, 07:56:51",Quench_100ms
"01/16/2020, 08:08:19",Quench_100ms
"01/16/2020, 08:17:28",Quench_100ms
"01/17/2020, 01:25:12",Quench_3ms
"01/18/2020, 08:14:36",Single_Cav_Turn_Off
"01/18/2020, 08:19:47",Single_Cav_Turn_Off
"01/18/2020, 11:52:38",Quench_100ms
"01/18/2020, 12:10:09",Quench_100ms
"01/18/2020, 13:55:04",Quench_100ms
"01/18/2020, 15:44:16",Microphonics
"01/18/2020, 17:55:37",Microphonics
"01/18/2020, 20:01:59",Quench_100ms
"01/18/2020, 20:46:45",Quench_100ms
"01/18/2020, 22:10:13",Quench_100ms
"01/18/2020, 22:57:10",Quench_100ms
"01/18/2020, 23:02:14",Quench_100ms
"01/18/2020, 23:12:09",Quench_100ms
"01/18/2020, 23:20:21",Quench_100ms
"01/18/2020, 23:30:56",Quench_100ms
"01/19/2020, 00:12:24",Quench_100ms
"01/19/2020, 00:29:20",Quench_100ms
"01/19/2020, 00:37:54",Quench_100ms
"01/19/2020, 00:44:48",Quench_100ms
"01/19/2020, 01:07:58",Quench_100ms
"01/19/2020, 01:16:48",Quench_100ms
"01/19/2020, 01:20:01",Quench_100ms
"01/19/2020, 01:23:32",Quench_100ms
"01/19/2020, 01:27:28",Quench_100ms
"01/19/2020, 01:58:41",Quench_100ms
"01/19/2020, 02:02:18",Quench_100ms
"01/19/2020, 02:06:38",Quench_100ms
"01/19/2020, 02:17:24",Quench_100ms
"01/21/2020, 07:46:20",Single_Cav_Turn_Off
"01/21/2020, 07:54:26",Multi_Cav_Turn_Off
"01/22/2020, 05:38:19",Single_Cav_Turn_Off
"01/22/2020, 06:35:28",Single_Cav_Turn_Off
"01/24/2020, 09:29:04",Controls_Fault
"01/24/2020, 11:14:39",Microphonics
"01/24/2020, 11:38:22",Microphonics
"01/25/2020, 03:10:32",Single_Cav_Turn_Off
"01/25/2020, 04:24:43",Single_Cav_Turn_Off
"01/25/2020, 05:02:23",Single_Cav_Turn_Off
"01/25/2020, 05:06:51",Single_Cav_Turn_Off
"01/25/2020, 05:09:04",Single_Cav_Turn_Off
"01/25/2020, 05:51:07",Single_Cav_Turn_Off
"01/25/2020, 12:42:02",Single_Cav_Turn_Off
"01/25/2020, 13:09:23",Single_Cav_Turn_Off
"02/05/2020, 13:19:49",Quench_3ms
"02/05/2020, 15:57:24",Single_Cav_Turn_Off
"02/06/2020, 06:23:52",Single_Cav_Turn_Off
"02/06/2020, 06:30:46",Single_Cav_Turn_Off
"02/06/2020, 08:19:17",Single_Cav_Turn_Off
"02/06/2020, 10:13:12",Microphonics
"02/06/2020, 10:50:35",Microphonics
"02/06/2020, 11:20:58",Microphonics
"02/06/2020, 12:08:01",Microphonics
"02/06/2020, 12:42:16",Controls_Fault
"02/06/2020, 13:01:45",Single_Cav_Turn_Off
"02/06/2020, 22:55:34",Single_Cav_Turn_Off
"02/07/2020, 01:48:06",Quench_3ms
"02/07/2020, 08:23:05",Single_Cav_Turn_Off
"02/07/2020, 08:44:52",Single_Cav_Turn_Off
"02/07/2020, 08:50:12",Microphonics
"02/07/2020, 09:13:11",Microphonics
"02/07/2020, 10:00:36",Microphonics
"02/07/2020, 13:00:07",Single_Cav_Turn_Off
"02/07/2020, 13:27:59",Microphonics
"02/07/2020, 17:37:01",Quench_3ms
"02/08/2020, 03:10:57",Single_Cav_Turn_Off
"02/08/2020, 08:55:52",Microphonics
"02/08/2020, 09:43:33",Single_Cav_Turn_Off
"02/08/2020, 09:45:31",Microphonics
"02/10/2020, 08:14:17",Microphonics
"02/10/2020, 12:21:51",Single_Cav_Turn_Off
"02/10/2020, 15:00:08",Microphonics
"02/10/2020, 15:02:10",Microphonics
"02/10/2020, 15:37:13",Microphonics
"02/11/2020, 10:22:03",Microphonics
"02/11/2020, 12:31:44",Single_Cav_Turn_Off
"02/12/2020, 08:59:40",Microphonics
"02/12/2020, 15:17:22",Microphonics
"02/12/2020, 20:37:48",Multi_Cav_Turn_Off
"02/12/2020, 21:41:06",Quench_3ms
"02/12/2020, 21:51:27",Microphonics
"02/13/2020, 02:15:16",E_Quench
"02/13/2020, 11:11:23",Microphonics
"02/13/2020, 12:21:05",Microphonics
"02/13/2020, 13:37:47",Controls_Fault
"02/13/2020, 13:38:46",Microphonics
"02/13/2020, 13:39:14",Microphonics
"02/13/2020, 13:40:17",Microphonics
"02/13/2020, 13:41:54",Microphonics
"02/13/2020, 13:43:35",Microphonics
"02/13/2020, 13:47:32",Microphonics
"02/13/2020, 13:49:23",Microphonics
"02/13/2020, 13:53:46",Microphonics
"02/13/2020, 13:56:21",Microphonics
"02/13/2020, 13:57:24",Microphonics
"02/13/2020, 14:00:03",Microphonics
"02/13/2020, 14:01:39",Microphonics
"02/13/2020, 14:02:21",Microphonics
"02/13/2020, 14:28:40",Quench_100ms
"02/13/2020, 14:28:49",Microphonics
"02/13/2020, 14:30:36",Microphonics
"02/13/2020, 14:33:37",Microphonics
"02/13/2020, 14:43:17",Microphonics
"02/15/2020, 17:48:49",Microphonics
"02/16/2020, 01:21:10",Microphonics
"02/17/2020, 13:13:18",Microphonics
"02/17/2020, 14:50:15",Single_Cav_Turn_Off
"02/17/2020, 18:19:31",Single_Cav_Turn_Off
"02/17/2020, 19:09:01",Single_Cav_Turn_Off
"02/17/2020, 19:30:57",Single_Cav_Turn_Off
"02/17/2020, 19:36:12",Microphonics
"02/17/2020, 21:02:57",Single_Cav_Turn_Off
"02/17/2020, 22:54:28",Microphonics
"02/19/2020, 03:36:04",Quench_100ms
"02/19/2020, 10:53:20",Microphonics
"02/19/2020, 11:02:51",Microphonics
"02/19/2020, 20:27:18",Microphonics
"02/20/2020, 04:06:21",Microphonics
"02/20/2020, 04:47:48",E_Quench
"02/20/2020, 06:05:03",Single_Cav_Turn_Off
"02/21/2020, 06:02:25",Single_Cav_Turn_Off
"02/21/2020, 10:48:26",E_Quench
"02/21/2020, 11:03:19",Microphonics
"02/21/2020, 14:04:58",Microphonics
"02/21/2020, 22:15:10",Controls_Fault
"02/21/2020, 23:23:14",E_Quench
"02/22/2020, 12:22:03",Multi_Cav_Turn_Off
"02/22/2020, 13:46:09",Microphonics
"02/22/2020, 16:44:41",Microphonics
"02/22/2020, 23:45:28",Microphonics
"02/23/2020, 01:11:27",Single_Cav_Turn_Off
"02/23/2020, 01:23:33",Single_Cav_Turn_Off
"02/23/2020, 11:24:51",Single_Cav_Turn_Off
"02/23/2020, 17:32:32",E_Quench
"02/23/2020, 17:49:42",Microphonics
"02/24/2020, 01:16:54",Single_Cav_Turn_Off
"02/24/2020, 09:57:46",Microphonics
"02/24/2020, 13:32:10",Microphonics
"02/24/2020, 15:45:13",Microphonics
"02/25/2020, 01:15:42",Microphonics
"02/25/2020, 08:38:21",Multi_Cav_Turn_Off
"02/25/2020, 16:43:19",Microphonics
"02/27/2020, 09:08:20",Microphonics
"02/27/2020, 17:55:13",E_Quench
"02/27/2020, 22:01:44",Microphonics
"02/28/2020, 01:33:35",Microphonics
"02/28/2020, 07:57:40",Microphonics
"02/28/2020, 07:59:16",Microphonics
"02/28/2020, 11:27:30",Microphonics
"02/28/2020, 11:52:01",Microphonics
"02/28/2020, 14:25:43",Microphonics
"02/28/2020, 15:25:05",Microphonics
"02/29/2020, 11:18:10",Microphonics
"02/29/2020, 11:20:14",Microphonics
"02/29/2020, 12:42:30",Microphonics
"02/29/2020, 13:19:26",Microphonics
"02/29/2020, 15:28:21",Microphonics
"02/29/2020, 15:47:06",Microphonics
"03/02/2020, 08:28:53",E_Quench
"03/02/2020, 08:38:13",Microphonics
"03/02/2020, 11:01:23",Microphonics
"03/02/2020, 13:24:08",Microphonics
"03/02/2020, 13:31:02",Microphonics
"03/02/2020, 19:58:02",Microphonics
"03/03/2020, 01:44:30",Single_Cav_Turn_Off
"03/03/2020, 03:42:57",Microphonics
"03/04/2020, 08:42:21",Single_Cav_Turn_Off
"03/04/2020, 08:43:45",Microphonics
"03/04/2020, 11:21:01",Microphonics
"03/04/2020, 11:37:12",Microphonics
"03/04/2020, 23:20:17",Single_Cav_Turn_Off
"03/05/2020, 04:26:25",Microphonics
"03/05/2020, 13:13:06",Microphonics
"03/05/2020, 15:26:53",Microphonics
"03/05/2020, 15:35:47",Microphonics
"03/05/2020, 16:11:59",E_Quench
"03/05/2020, 22:55:41",Microphonics
"03/06/2020, 08:12:59",Microphonics
"03/06/2020, 08:15:17",Microphonics
"03/06/2020, 09:47:15",Microphonics
"03/06/2020, 14:36:00",Microphonics
"03/07/2020, 02:40:57",E_Quench
"03/07/2020, 10:37:09",Microphonics
"03/07/2020, 16:52:43",Microphonics
"03/07/2020, 18:33:33",Microphonics
"03/08/2020, 00:10:13",Microphonics
"03/08/2020, 03:45:00",Microphonics
"03/08/2020, 04:23:38",Microphonics
"03/08/2020, 12:14:22",E_Quench
"03/08/2020, 14:53:35",Single_Cav_Turn_Off
"03/08/2020, 14:55:10",Single_Cav_Turn_Off
"03/08/2020, 14:56:49",Single_Cav_Turn_Off
"03/08/2020, 18:40:44",Microphonics
"03/08/2020, 23:48:31",Microphonics
"03/09/2020, 00:11:05",Microphonics
"03/09/2020, 07:36:26",Microphonics
"03/09/2020, 07:55:34",Microphonics
"01/19/2019, 15:35:12",E_Quench
"01/20/2019, 04:03:36",E_Quench
"01/20/2019, 08:16:33",E_Quench
"01/20/2019, 13:39:34",E_Quench
"01/20/2019, 15:19:14",Quench_3ms
"01/20/2019, 15:39:56",Multi_Cav_Turn_Off
"01/20/2019, 16:41:31",Quench_100ms
"01/20/2019, 17:08:50",E_Quench
"01/20/2019, 23:05:09",E_Quench
"01/21/2019, 03:48:53",E_Quench
"01/21/2019, 08:33:24",E_Quench
"01/21/2019, 12:13:38",E_Quench
"01/21/2019, 15:07:08",Quench_100ms
"01/21/2019, 16:52:05",Quench_100ms
"01/21/2019, 17:00:47",Quench_100ms
"01/21/2019, 17:05:26",Quench_100ms
"01/21/2019, 17:10:27",Quench_100ms
"01/21/2019, 17:37:09",Quench_100ms
"01/21/2019, 18:53:59",Quench_100ms
"01/21/2019, 18:57:25",Quench_100ms
"01/21/2019, 19:00:45",Quench_100ms
"01/21/2019, 19:04:12",Quench_100ms
"01/21/2019, 19:16:40",Quench_100ms
"01/21/2019, 19:29:23",Quench_100ms
"01/21/2019, 19:32:00",Quench_100ms
"01/21/2019, 20:04:18",Quench_100ms
"01/21/2019, 20:08:06",Quench_100ms
"01/21/2019, 20:12:24",Quench_100ms
"01/21/2019, 20:16:50",Quench_100ms
"01/21/2019, 20:32:59",Quench_100ms
"01/21/2019, 20:39:32",Controls_Fault
"01/21/2019, 22:10:48",E_Quench
"01/22/2019, 04:17:25",E_Quench
"01/22/2019, 04:53:43",Multi_Cav_Turn_Off
"01/22/2019, 08:06:15",Multi_Cav_Turn_Off
"01/22/2019, 20:34:33",Quench_100ms
"01/22/2019, 20:55:59",Quench_100ms
"01/22/2019, 23:05:48",Quench_100ms
"01/22/2019, 23:12:26",Quench_100ms
"01/23/2019, 00:40:50",Quench_100ms
"01/23/2019, 00:56:05",Quench_3ms
"01/23/2019, 04:27:20",Quench_100ms
"01/23/2019, 08:33:43",Multi_Cav_Turn_Off
"01/23/2019, 12:02:16",Multi_Cav_Turn_Off
"01/23/2019, 13:28:36",Multi_Cav_Turn_Off
"01/23/2019, 18:19:08",Quench_100ms
"01/23/2019, 18:38:23",Quench_100ms
"01/23/2019, 20:39:16",E_Quench
"01/24/2019, 00:30:41",Quench_100ms
"01/24/2019, 02:09:37",Quench_100ms
"01/24/2019, 06:06:58",Quench_100ms
"01/24/2019, 06:46:07",Quench_100ms
"01/24/2019, 07:38:16",Quench_100ms
"01/24/2019, 07:43:31",Quench_3ms
"01/24/2019, 07:59:24",Quench_100ms
"01/24/2019, 08:02:33",Quench_100ms
"01/24/2019, 08:19:50",Quench_100ms
"01/24/2019, 08:33:24",Quench_100ms
"01/24/2019, 08:37:22",Quench_100ms
"01/24/2019, 08:44:33",Quench_100ms
"01/24/2019, 08:55:31",Quench_3ms
"01/24/2019, 09:01:54",Quench_100ms
"01/24/2019, 09:03:55",Quench_100ms
"01/24/2019, 09:06:22",Quench_100ms
"01/24/2019, 09:11:42",Quench_100ms
"01/24/2019, 09:19:13",Quench_100ms
"01/24/2019, 09:21:49",Quench_100ms
"01/24/2019, 09:26:41",Quench_100ms
"01/24/2019, 09:32:01",Quench_100ms
"01/24/2019, 09:34:29",Quench_100ms
"01/24/2019, 09:36:52",Quench_100ms
"01/24/2019, 09:39:13",Quench_100ms
"01/24/2019, 09:41:40",Quench_100ms
"01/24/2019, 09:43:31",Quench_100ms
"01/24/2019, 09:51:24",Quench_100ms
"01/24/2019, 09:54:25",Quench_100ms
"01/24/2019, 09:57:46",Quench_100ms
"01/24/2019, 10:03:41",Quench_100ms
"01/24/2019, 10:15:54",Quench_100ms
"01/24/2019, 14:01:36",Multi_Cav_Turn_Off
"01/30/2019, 03:25:04",Multi_Cav_Turn_Off
"01/30/2019, 11:54:12",Multi_Cav_Turn_Off
"01/31/2019, 18:17:03",E_Quench
"01/31/2019, 22:32:06",E_Quench
"02/01/2019, 01:39:51",E_Quench
"02/01/2019, 05:25:01",E_Quench
"02/01/2019, 06:50:08",Multi_Cav_Turn_Off
"02/03/2019, 14:21:15",Quench_100ms
"02/03/2019, 14:29:33",E_Quench
"02/03/2019, 17:08:16",Quench_100ms
"02/03/2019, 17:13:48",Quench_100ms
"02/03/2019, 17:44:03",E_Quench
"02/03/2019, 20:31:26",E_Quench
"02/03/2019, 23:22:15",Quench_100ms
"02/04/2019, 04:00:04",E_Quench
"02/04/2019, 07:28:06",Multi_Cav_Turn_Off
"11/26/2019, 08:19:19",Multi_Cav_Turn_Off
"11/26/2019, 08:19:37",Multi_Cav_Turn_Off
"11/27/2019, 15:44:48",Multi_Cav_Turn_Off
"11/27/2019, 15:45:07",Multi_Cav_Turn_Off
"12/01/2019, 01:34:59",Controls_Fault
"12/01/2019, 06:27:18",Controls_Fault
"12/08/2019, 01:21:37",E_Quench
"12/11/2019, 16:16:42",E_Quench
"12/17/2019, 08:44:45",Controls_Fault
"12/22/2019, 23:47:11",Quench_100ms
"12/22/2019, 23:53:53",Quench_100ms
"12/30/2019, 00:20:08",Quench_100ms
"12/30/2019, 00:24:00",Quench_100ms
"01/04/2020, 10:08:40",E_Quench
"01/09/2020, 03:23:39",E_Quench
"01/14/2020, 07:06:08",Controls_Fault
"01/14/2020, 10:12:08",Single_Cav_Turn_Off
"01/14/2020, 11:41:34",Multi_Cav_Turn_Off
"01/14/2020, 16:15:01",E_Quench
"01/15/2020, 03:03:35",E_Quench
"01/15/2020, 03:27:50",Multi_Cav_Turn_Off
"01/16/2020, 01:23:18",E_Quench
"01/16/2020, 01:25:12",E_Quench
"01/16/2020, 01:26:21",E_Quench
"01/16/2020, 01:26:31",E_Quench
"01/16/2020, 01:26:40",E_Quench
"01/16/2020, 01:27:19",E_Quench
"01/16/2020, 01:28:07",E_Quench
"01/17/2020, 22:27:28",E_Quench
"01/19/2020, 23:04:35",Single_Cav_Turn_Off
"01/20/2020, 20:16:19",E_Quench
"01/20/2020, 20:16:35",E_Quench
"01/20/2020, 20:16:47",E_Quench
"01/20/2020, 20:17:42",E_Quench
"01/25/2020, 09:17:56",E_Quench
"01/25/2020, 09:18:13",E_Quench
"01/25/2020, 09:18:25",E_Quench
"01/25/2020, 09:19:44",E_Quench
"01/27/2020, 00:20:08",E_Quench
"01/29/2020, 06:43:26",E_Quench
"01/29/2020, 10:08:39",E_Quench
"02/02/2020, 10:25:52",Multi_Cav_Turn_Off
"02/02/2020, 18:52:13",E_Quench
"02/02/2020, 18:52:29",E_Quench
"02/02/2020, 18:52:41",E_Quench
"02/02/2020, 18:53:10",E_Quench
"02/04/2020, 00:14:32",Multi_Cav_Turn_Off
"02/04/2020, 06:55:12",E_Quench
"02/05/2020, 07:54:55",Multi_Cav_Turn_Off
"02/06/2020, 22:56:04",Single_Cav_Turn_Off
"02/06/2020, 22:56:13",Multi_Cav_Turn_Off
"02/07/2020, 02:49:40",E_Quench
"02/07/2020, 11:04:02",E_Quench
"02/09/2020, 14:42:04",E_Quench
"02/11/2020, 07:17:12",E_Quench
"02/11/2020, 07:17:29",E_Quench
"02/12/2020, 11:50:01",E_Quench
"02/12/2020, 20:37:55",Multi_Cav_Turn_Off
"02/13/2020, 02:15:17",Multi_Cav_Turn_Off
"02/14/2020, 03:11:07",Quench_3ms
"02/14/2020, 18:49:47",E_Quench
"02/14/2020, 18:50:03",E_Quench
"02/14/2020, 22:04:39",E_Quench
"02/17/2020, 07:25:42",E_Quench
"02/17/2020, 11:40:44",Single_Cav_Turn_Off
"02/17/2020, 19:34:48",Single_Cav_Turn_Off
"02/19/2020, 09:02:30",E_Quench
"02/21/2020, 06:32:34",E_Quench
"02/21/2020, 07:20:39",E_Quench
"02/21/2020, 08:00:18",E_Quench
"02/21/2020, 08:48:47",E_Quench
"02/21/2020, 09:27:44",E_Quench
"02/21/2020, 10:48:26",Multi_Cav_Turn_Off
"02/21/2020, 11:29:45",E_Quench
"02/21/2020, 14:12:22",E_Quench
"02/22/2020, 08:54:15",E_Quench
"02/22/2020, 12:22:02",Multi_Cav_Turn_Off
"02/22/2020, 12:28:38",Multi_Cav_Turn_Off
"02/23/2020, 10:07:49",E_Quench
"02/23/2020, 11:49:31",E_Quench
"02/24/2020, 00:45:48",E_Quench
"02/24/2020, 04:51:13",E_Quench
"02/24/2020, 05:55:50",E_Quench
"02/24/2020, 07:13:58",E_Quench
"02/24/2020, 07:37:44",E_Quench
"02/25/2020, 08:38:28",Multi_Cav_Turn_Off
"02/27/2020, 00:40:50",E_Quench
"02/28/2020, 01:38:52",E_Quench
"02/29/2020, 05:12:29",E_Quench
"03/01/2020, 07:16:10",E_Quench
"03/02/2020, 05:15:17",E_Quench
"03/02/2020, 08:28:54",Multi_Cav_Turn_Off
"03/03/2020, 01:27:32",E_Quench
"03/03/2020, 03:42:57",Multi_Cav_Turn_Off
"03/03/2020, 07:31:50",Multi_Cav_Turn_Off
"03/03/2020, 22:24:11",E_Quench
"03/05/2020, 22:55:41",Multi_Cav_Turn_Off
"03/05/2020, 22:56:17",Multi_Cav_Turn_Off
"03/06/2020, 08:12:59",E_Quench
"03/06/2020, 23:40:09",Multi_Cav_Turn_Off
"03/07/2020, 10:37:09",Multi_Cav_Turn_Off
"03/07/2020, 18:55:12",Multi_Cav_Turn_Off
"03/08/2020, 12:14:23",E_Quench
"03/09/2020, 00:26:32",Single_Cav_Turn_Off
"12/01/2019, 00:14:50",Single_Cav_Turn_Off
"12/01/2019, 00:32:23",Controls_Fault
"12/01/2019, 01:34:59",Controls_Fault
"12/01/2019, 06:27:18",Controls_Fault
"12/02/2019, 09:25:23",Single_Cav_Turn_Off
"12/04/2019, 10:37:08",Microphonics
"12/06/2019, 09:53:47",Controls_Fault
"12/07/2019, 08:52:18",Controls_Fault
"12/08/2019, 02:15:45",Quench_3ms
"12/08/2019, 09:13:01",Single_Cav_Turn_Off
"12/09/2019, 06:48:44",Quench_3ms
"12/09/2019, 18:40:41",Multi_Cav_Turn_Off
"12/11/2019, 02:38:08",Single_Cav_Turn_Off
"12/14/2019, 11:16:33",Controls_Fault
"12/16/2019, 10:01:26",Controls_Fault
"12/17/2019, 08:44:45",Controls_Fault
"12/17/2019, 09:07:32",Controls_Fault
"12/19/2019, 18:46:48",Quench_100ms
"12/19/2019, 18:52:48",Quench_100ms
"12/19/2019, 18:58:45",Heat_Riser_Choke
"01/11/2020, 12:37:20",Single_Cav_Turn_Off
"01/12/2020, 07:54:25",Controls_Fault
"01/12/2020, 09:17:45",Controls_Fault
"01/12/2020, 16:27:46",Controls_Fault
"01/12/2020, 17:55:37",Quench_3ms
"01/12/2020, 21:29:36",Multi_Cav_Turn_Off
"01/13/2020, 08:01:14",Multi_Cav_Turn_Off
"01/14/2020, 03:59:56",Controls_Fault
"01/14/2020, 08:06:37",Controls_Fault
"01/14/2020, 09:44:30",Quench_3ms
"01/19/2020, 23:04:04",Single_Cav_Turn_Off
"01/20/2020, 21:45:47",Quench_3ms
"01/25/2020, 04:24:43",Controls_Fault
"01/25/2020, 05:06:51",Controls_Fault
"01/25/2020, 05:54:29",Controls_Fault
"01/25/2020, 11:48:14",Single_Cav_Turn_Off
"01/25/2020, 13:09:21",Controls_Fault
"01/28/2020, 09:00:39",Multi_Cav_Turn_Off
"01/30/2020, 21:22:23",Quench_3ms
"01/31/2020, 03:32:49",Heat_Riser_Choke
"02/01/2020, 06:30:21",Microphonics
"02/02/2020, 10:26:30",Multi_Cav_Turn_Off
"02/04/2020, 14:06:33",Microphonics
"02/04/2020, 14:38:38",Single_Cav_Turn_Off
"02/05/2020, 10:39:30",Multi_Cav_Turn_Off
"02/06/2020, 12:42:17",Controls_Fault
"02/06/2020, 13:01:43",Controls_Fault
"02/06/2020, 13:04:24",Controls_Fault
"02/06/2020, 13:08:59",Single_Cav_Turn_Off
"02/06/2020, 13:12:38",Single_Cav_Turn_Off
"02/06/2020, 23:11:15",Single_Cav_Turn_Off
"02/07/2020, 02:41:31",Quench_3ms
"02/11/2020, 22:52:12",Single_Cav_Turn_Off
"02/13/2020, 07:48:40",Multi_Cav_Turn_Off
"02/13/2020, 07:51:38",Controls_Fault
"02/14/2020, 01:31:46",Single_Cav_Turn_Off
"02/14/2020, 08:38:52",Multi_Cav_Turn_Off
"02/16/2020, 21:39:59",Microphonics
"02/21/2020, 05:18:04",Microphonics
"02/22/2020, 12:22:03",Multi_Cav_Turn_Off
"02/22/2020, 12:28:43",Multi_Cav_Turn_Off
"02/25/2020, 09:48:52",Multi_Cav_Turn_Off
"02/27/2020, 20:29:24",Microphonics
"03/02/2020, 14:30:19",Microphonics
"03/03/2020, 10:05:02",Multi_Cav_Turn_Off
"03/04/2020, 08:51:48",Microphonics
"03/06/2020, 00:36:46",Microphonics
"03/06/2020, 14:08:36",Single_Cav_Turn_Off
"03/07/2020, 06:19:16",Microphonics
"03/08/2020, 10:02:11",Quench_3ms
"12/01/2019, 00:32:23",Single_Cav_Turn_Off
"12/02/2019, 09:25:23",Single_Cav_Turn_Off
"12/02/2019, 21:13:53",Single_Cav_Turn_Off
"12/02/2019, 21:13:54",Single_Cav_Turn_Off
"12/03/2019, 09:48:09",Multi_Cav_Turn_Off
"12/03/2019, 13:55:35",Single_Cav_Turn_Off
"12/04/2019, 01:45:26",Quench_3ms
"12/04/2019, 10:37:08",Microphonics
"12/09/2019, 18:40:41",Controls_Fault
"12/16/2019, 21:35:35",Quench_3ms
"12/17/2019, 11:30:42",Single_Cav_Turn_Off
"12/19/2019, 18:46:44",Quench_100ms
"12/19/2019, 18:52:51",Quench_100ms
"12/19/2019, 18:55:22",Quench_100ms
"12/19/2019, 18:57:48",Quench_3ms
"12/20/2019, 08:19:00",Multi_Cav_Turn_Off
"01/08/2020, 12:48:03",Quench_100ms
"01/11/2020, 04:06:21",Quench_100ms
"01/11/2020, 09:02:55",Quench_100ms
"01/11/2020, 09:47:51",Quench_100ms
"01/11/2020, 19:48:30",Quench_100ms
"01/11/2020, 22:22:40",Quench_100ms
"01/12/2020, 00:23:39",Quench_100ms
"01/12/2020, 05:01:14",Quench_100ms
"01/12/2020, 11:27:57",Quench_100ms
"01/12/2020, 20:12:11",Quench_100ms
"01/12/2020, 21:29:43",Multi_Cav_Turn_Off
"01/13/2020, 00:35:58",Quench_100ms
"01/13/2020, 03:30:38",Quench_100ms
"01/13/2020, 08:01:22",Multi_Cav_Turn_Off
"01/18/2020, 22:02:02",E_Quench
"01/19/2020, 23:04:00",Single_Cav_Turn_Off
"01/28/2020, 09:00:47",Multi_Cav_Turn_Off
"01/31/2020, 04:49:44",Multi_Cav_Turn_Off
"02/02/2020, 10:26:21",Multi_Cav_Turn_Off
"02/04/2020, 06:43:32",Quench_3ms
"02/05/2020, 10:39:37",Multi_Cav_Turn_Off
"02/06/2020, 12:42:16",Controls_Fault
"02/06/2020, 13:01:43",Controls_Fault
"02/06/2020, 13:04:24",Controls_Fault
"02/06/2020, 13:08:59",Controls_Fault
"02/06/2020, 23:11:49",Single_Cav_Turn_Off
"02/14/2020, 08:38:42",Multi_Cav_Turn_Off
"02/22/2020, 12:28:47",Multi_Cav_Turn_Off
"02/29/2020, 12:28:52",Multi_Cav_Turn_Off
"03/03/2020, 10:04:24",Multi_Cav_Turn_Off
"03/06/2020, 12:28:26",Quench_3ms
"01/21/2019, 12:33:35",Controls_Fault
"01/21/2019, 12:35:03",Controls_Fault
"01/22/2019, 04:53:43",Multi_Cav_Turn_Off
"01/22/2019, 06:06:21",Multi_Cav_Turn_Off
"01/22/2019, 06:07:33",Multi_Cav_Turn_Off
"01/22/2019, 18:10:17",Controls_Fault
"01/23/2019, 14:04:03",Microphonics
"01/23/2019, 19:48:21",Single_Cav_Turn_Off
"01/24/2019, 06:14:29",Controls_Fault
"01/24/2019, 10:23:15",Controls_Fault
"01/24/2019, 14:00:50",Controls_Fault
"01/30/2019, 13:28:08",Controls_Fault
"01/30/2019, 14:53:25",Controls_Fault
"01/30/2019, 14:54:25",Controls_Fault
"01/30/2019, 14:55:47",Controls_Fault
"01/30/2019, 14:56:54",Controls_Fault
"01/30/2019, 15:46:24",Controls_Fault
"01/30/2019, 15:53:38",Controls_Fault
"01/30/2019, 16:01:17",Controls_Fault
"01/30/2019, 16:04:50",Controls_Fault
"01/30/2019, 16:06:03",Controls_Fault
"01/30/2019, 16:12:32",Controls_Fault
"01/30/2019, 16:17:56",Controls_Fault
"01/30/2019, 17:33:47",Controls_Fault
"01/30/2019, 17:38:02",Controls_Fault
"01/30/2019, 17:55:17",Controls_Fault
"01/30/2019, 17:56:59",Controls_Fault
"01/30/2019, 18:48:33",Controls_Fault
"01/30/2019, 18:50:19",Controls_Fault
"01/31/2019, 06:48:01",Multi_Cav_Turn_Off
"02/01/2019, 06:50:19",Multi_Cav_Turn_Off
"02/03/2019, 17:18:04",Multi_Cav_Turn_Off
"02/05/2019, 17:04:26",Multi_Cav_Turn_Off
"02/05/2019, 17:30:41",E_Quench
"02/06/2019, 04:49:54",Single_Cav_Turn_Off
"02/06/2019, 10:29:20",Microphonics
"02/08/2019, 10:20:17",Microphonics
"02/10/2019, 00:45:11",E_Quench
"02/10/2019, 07:36:33",Controls_Fault
"02/11/2019, 05:27:10",E_Quench
"02/12/2019, 12:24:50",E_Quench
"02/12/2019, 14:54:14",Single_Cav_Turn_Off
"02/12/2019, 20:32:49",Controls_Fault
"02/12/2019, 23:33:26",Controls_Fault
"02/13/2019, 01:40:09",Single_Cav_Turn_Off
"02/13/2019, 04:16:41",Multi_Cav_Turn_Off
"02/13/2019, 04:18:08",Multi_Cav_Turn_Off
"02/13/2019, 16:16:24",E_Quench
"02/14/2019, 18:22:35",E_Quench
"02/15/2019, 10:07:50",Multi_Cav_Turn_Off
"02/15/2019, 22:00:42",E_Quench
"02/16/2019, 22:31:18",E_Quench
"02/18/2019, 09:09:49",E_Quench
"02/19/2019, 12:43:00",E_Quench
"02/20/2019, 16:45:12",E_Quench
"02/20/2019, 17:33:16",Multi_Cav_Turn_Off
"02/21/2019, 01:44:31",Multi_Cav_Turn_Off
"02/21/2019, 04:40:04",Single_Cav_Turn_Off
"02/22/2019, 06:05:31",E_Quench
"02/24/2019, 20:03:04",E_Quench
"02/25/2019, 08:19:50",Controls_Fault
"02/25/2019, 08:39:15",Controls_Fault
"11/26/2019, 08:31:23",Single_Cav_Turn_Off
"11/27/2019, 03:03:41",Controls_Fault
"12/01/2019, 00:14:50",Multi_Cav_Turn_Off
"12/01/2019, 00:32:24",Single_Cav_Turn_Off
"12/01/2019, 06:27:17",Controls_Fault
"12/01/2019, 19:34:01",Controls_Fault
"12/02/2019, 09:25:23",Single_Cav_Turn_Off
"12/02/2019, 21:13:53",Controls_Fault
"12/04/2019, 10:48:17",Controls_Fault
"12/15/2019, 23:48:22",Quench_3ms
"12/17/2019, 08:44:45",Controls_Fault
"12/17/2019, 09:07:32",Controls_Fault
"01/08/2020, 11:31:13",Heat_Riser_Choke
"01/12/2020, 21:29:50",Multi_Cav_Turn_Off
"01/13/2020, 08:01:29",Multi_Cav_Turn_Off
"01/15/2020, 21:33:22",Quench_3ms
"01/18/2020, 22:02:01",Quench_3ms
"01/19/2020, 22:17:41",Quench_3ms
"01/19/2020, 23:03:55",Single_Cav_Turn_Off
"01/25/2020, 05:20:46",Controls_Fault
"02/02/2020, 10:26:16",Single_Cav_Turn_Off
"02/02/2020, 12:24:09",Microphonics
"02/05/2020, 10:39:45",Multi_Cav_Turn_Off
"02/05/2020, 11:59:30",Heat_Riser_Choke
"02/06/2020, 12:24:27",Controls_Fault
"02/06/2020, 12:42:16",Controls_Fault
"02/06/2020, 13:04:24",Controls_Fault
"02/06/2020, 13:08:59",Controls_Fault
"02/06/2020, 23:25:56",Single_Cav_Turn_Off
"02/07/2020, 04:07:32",Controls_Fault
"02/08/2020, 06:42:22",Single_Cav_Turn_Off
"02/08/2020, 15:10:03",Single_Cav_Turn_Off
"02/10/2020, 11:18:52",Single_Cav_Turn_Off
"02/10/2020, 19:11:29",Single_Cav_Turn_Off
"02/10/2020, 20:11:39",Single_Cav_Turn_Off
"02/13/2020, 22:43:57",Controls_Fault
"02/14/2020, 08:38:33",Multi_Cav_Turn_Off
"02/17/2020, 03:12:51",Single_Cav_Turn_Off
"02/22/2020, 12:28:51",Multi_Cav_Turn_Off
"02/24/2020, 13:14:30",Single_Cav_Turn_Off
"02/25/2020, 05:14:43",Single_Cav_Turn_Off
"02/27/2020, 14:23:58",Microphonics
"03/01/2020, 10:26:55",Controls_Fault
"03/03/2020, 04:16:30",Single_Cav_Turn_Off
"03/03/2020, 10:04:14",Multi_Cav_Turn_Off
"03/04/2020, 15:18:47",Single_Cav_Turn_Off
"03/04/2020, 15:26:17",Single_Cav_Turn_Off
"03/04/2020, 18:20:12",Single_Cav_Turn_Off
"03/04/2020, 23:20:30",Single_Cav_Turn_Off
"03/05/2020, 04:21:04",Single_Cav_Turn_Off
"03/05/2020, 11:21:54",Single_Cav_Turn_Off
"03/05/2020, 12:25:00",Single_Cav_Turn_Off
"03/05/2020, 12:25:10",Single_Cav_Turn_Off
"03/05/2020, 13:25:17",Single_Cav_Turn_Off
"03/05/2020, 18:26:05",Single_Cav_Turn_Off
"03/05/2020, 18:33:35",Single_Cav_Turn_Off
"01/22/2019, 03:48:26",Single_Cav_Turn_Off
"01/22/2019, 04:53:43",Multi_Cav_Turn_Off
"01/22/2019, 06:06:24",Multi_Cav_Turn_Off
"01/22/2019, 06:07:57",Multi_Cav_Turn_Off
"01/23/2019, 02:00:13",Single_Cav_Turn_Off
"01/23/2019, 04:04:07",Single_Cav_Turn_Off
"01/24/2019, 14:01:50",Multi_Cav_Turn_Off
"01/30/2019, 13:33:05",Single_Cav_Turn_Off
"01/30/2019, 13:39:51",Multi_Cav_Turn_Off
"01/30/2019, 14:22:43",Multi_Cav_Turn_Off
"01/30/2019, 14:25:05",Multi_Cav_Turn_Off
"01/30/2019, 14:34:30",Multi_Cav_Turn_Off
"01/30/2019, 15:02:35",Multi_Cav_Turn_Off
"01/30/2019, 15:16:00",Multi_Cav_Turn_Off
"01/31/2019, 06:48:05",Multi_Cav_Turn_Off
"02/01/2019, 06:50:22",Multi_Cav_Turn_Off
"02/03/2019, 17:18:07",Multi_Cav_Turn_Off
"02/04/2019, 07:09:40",Quench_3ms
"02/06/2019, 13:59:23",Microphonics
"02/08/2019, 10:20:17",Microphonics
"02/10/2019, 03:26:52",E_Quench
"02/11/2019, 15:33:12",Microphonics
"02/13/2019, 14:42:59",Microphonics
"02/14/2019, 21:32:14",Multi_Cav_Turn_Off
"02/14/2019, 21:53:18",Single_Cav_Turn_Off
"02/15/2019, 03:10:57",Single_Cav_Turn_Off
"02/16/2019, 14:28:30",Controls_Fault
"02/17/2019, 13:47:33",Controls_Fault
"02/17/2019, 14:27:52",E_Quench
"02/17/2019, 22:10:57",Controls_Fault
"02/20/2019, 14:20:59",E_Quench
"02/21/2019, 01:44:31",Multi_Cav_Turn_Off
"02/22/2019, 08:41:07",Microphonics
"02/22/2019, 11:02:28",Microphonics
"02/22/2019, 11:16:23",Microphonics
"02/22/2019, 13:02:34",Microphonics
"02/22/2019, 13:45:09",Microphonics
"02/22/2019, 15:07:54",Quench_3ms
"02/23/2019, 12:21:39",Quench_3ms
"02/23/2019, 16:44:41",Quench_3ms
"02/23/2019, 23:06:18",Quench_3ms
"02/24/2019, 07:01:45",E_Quench
"02/24/2019, 11:05:57",Quench_3ms
"02/24/2019, 23:55:21",Quench_3ms
"02/25/2019, 21:12:30",Quench_3ms
"02/27/2019, 12:24:37",Microphonics
"02/27/2019, 22:31:50",E_Quench
"03/03/2019, 08:51:50",Quench_3ms
"03/03/2019, 19:20:41",Single_Cav_Turn_Off
"03/03/2019, 19:39:31",Multi_Cav_Turn_Off
"03/03/2019, 22:45:23",Multi_Cav_Turn_Off
"03/05/2019, 08:22:47",Microphonics
"03/08/2019, 20:47:01",E_Quench
"03/09/2019, 09:32:25",Single_Cav_Turn_Off
"03/12/2019, 08:45:50",Microphonics
"03/12/2019, 21:39:25",E_Quench
"03/13/2019, 10:31:51",Single_Cav_Turn_Off
"03/14/2019, 11:39:48",E_Quench
"03/14/2019, 13:22:43",Microphonics
"03/15/2019, 04:31:32",Quench_3ms
"03/15/2019, 05:47:34",Quench_3ms
"03/15/2019, 06:00:33",Quench_3ms
"03/15/2019, 07:55:17",Microphonics
"03/15/2019, 16:14:14",Single_Cav_Turn_Off
"03/15/2019, 16:27:30",Microphonics
"03/15/2019, 16:30:39",Multi_Cav_Turn_Off
"03/17/2019, 21:26:22",Multi_Cav_Turn_Off
"03/19/2019, 06:57:32",Microphonics
"03/20/2019, 07:11:26",Multi_Cav_Turn_Off
"03/23/2019, 00:48:49",Quench_3ms
"03/24/2019, 02:43:41",E_Quench
"03/25/2019, 12:31:13",Microphonics
"03/26/2019, 08:27:54",Microphonics
"03/26/2019, 09:31:52",E_Quench
"03/26/2019, 10:05:22",E_Quench
"03/27/2019, 07:48:09",Microphonics
"03/27/2019, 08:06:35",Controls_Fault
"03/28/2019, 08:24:26",Controls_Fault
"03/30/2019, 09:23:17",E_Quench
"04/01/2019, 10:29:09",Multi_Cav_Turn_Off
"04/02/2019, 22:41:34",Microphonics
"04/03/2019, 02:59:35",Microphonics
"04/03/2019, 08:03:53",E_Quench
"04/05/2019, 04:28:16",E_Quench
"04/08/2019, 19:37:59",Controls_Fault
"04/08/2019, 19:43:20",Multi_Cav_Turn_Off
"04/08/2019, 19:45:14",Controls_Fault
"04/08/2019, 20:02:26",Controls_Fault
"04/08/2019, 20:04:13",Controls_Fault
"04/08/2019, 20:07:16",Controls_Fault
"04/08/2019, 20:08:10",Single_Cav_Turn_Off
"04/08/2019, 20:11:22",Single_Cav_Turn_Off
"04/08/2019, 20:12:25",Controls_Fault
"04/09/2019, 01:01:54",Microphonics
"04/09/2019, 04:41:47",Microphonics
"04/09/2019, 16:04:36",E_Quench
"04/09/2019, 22:34:38",Microphonics
"04/10/2019, 11:35:17",Microphonics
"04/11/2019, 09:00:28",Controls_Fault
"04/12/2019, 06:34:42",Single_Cav_Turn_Off
"04/12/2019, 09:36:29",Microphonics
"04/12/2019, 10:13:19",Microphonics
"04/12/2019, 21:17:03",E_Quench
"04/13/2019, 14:25:46",Single_Cav_Turn_Off
"04/14/2019, 05:13:01",Microphonics
"04/14/2019, 18:56:27",E_Quench
"04/15/2019, 03:16:43",Controls_Fault
"04/15/2019, 03:21:00",Controls_Fault
"04/15/2019, 03:24:39",Controls_Fault
"04/15/2019, 03:28:16",Controls_Fault
"04/15/2019, 03:34:15",Controls_Fault
"04/15/2019, 03:37:32",Controls_Fault
"04/15/2019, 03:39:31",Controls_Fault
"04/15/2019, 03:40:37",Controls_Fault
"04/15/2019, 03:41:51",Controls_Fault
"04/15/2019, 03:44:18",Controls_Fault
"04/15/2019, 04:21:58",Controls_Fault
"04/15/2019, 04:22:55",Controls_Fault
"04/15/2019, 04:28:21",Multi_Cav_Turn_Off
"04/15/2019, 06:19:04",Multi_Cav_Turn_Off
"11/26/2019, 08:33:39",Microphonics
"11/26/2019, 16:17:13",Single_Cav_Turn_Off
"11/27/2019, 21:44:09",Single_Cav_Turn_Off
"11/30/2019, 06:51:25",Single_Cav_Turn_Off
"12/01/2019, 00:14:50",Controls_Fault
"12/01/2019, 15:45:41",Single_Cav_Turn_Off
"12/02/2019, 10:01:15",Single_Cav_Turn_Off
"12/02/2019, 21:13:54",Controls_Fault
"12/03/2019, 07:40:22",Single_Cav_Turn_Off
"12/04/2019, 10:48:48",Microphonics
"12/04/2019, 13:29:28",Microphonics
"12/05/2019, 10:10:21",Microphonics
"12/06/2019, 13:58:00",Single_Cav_Turn_Off
"12/07/2019, 17:51:49",Single_Cav_Turn_Off
"12/09/2019, 12:21:08",Single_Cav_Turn_Off
"12/09/2019, 15:56:46",Microphonics
"12/10/2019, 15:49:15",Single_Cav_Turn_Off
"12/12/2019, 15:13:19",Single_Cav_Turn_Off
"12/13/2019, 10:52:40",Single_Cav_Turn_Off
"12/13/2019, 23:59:47",Microphonics
"12/14/2019, 07:04:23",Single_Cav_Turn_Off
"12/15/2019, 00:46:47",Single_Cav_Turn_Off
"12/16/2019, 02:31:39",Single_Cav_Turn_Off
"12/17/2019, 05:31:50",Single_Cav_Turn_Off
"12/17/2019, 08:44:45",Controls_Fault
"12/17/2019, 08:58:48",Microphonics
"12/17/2019, 11:38:30",Single_Cav_Turn_Off
"12/18/2019, 22:33:14",Single_Cav_Turn_Off
"12/19/2019, 18:37:38",Controls_Fault
"12/19/2019, 18:44:38",Controls_Fault
"12/19/2019, 18:50:31",Controls_Fault
"12/19/2019, 18:57:12",Controls_Fault
"12/19/2019, 18:58:18",Controls_Fault
"01/09/2020, 06:07:23",Microphonics
"01/09/2020, 08:38:57",Microphonics
"01/09/2020, 19:55:57",Single_Cav_Turn_Off
"01/10/2020, 21:54:16",Single_Cav_Turn_Off
"01/12/2020, 03:51:13",Single_Cav_Turn_Off
"01/12/2020, 07:54:25",Controls_Fault
"01/12/2020, 21:29:57",Multi_Cav_Turn_Off
"01/13/2020, 08:01:36",Multi_Cav_Turn_Off
"01/13/2020, 18:21:37",Heat_Riser_Choke
"01/13/2020, 19:01:20",Heat_Riser_Choke
"01/14/2020, 07:36:32",Microphonics
"01/14/2020, 23:58:16",E_Quench
"01/15/2020, 15:45:51",Multi_Cav_Turn_Off
"01/16/2020, 06:35:50",Controls_Fault
"01/16/2020, 06:45:57",Single_Cav_Turn_Off
"01/16/2020, 06:47:44",Single_Cav_Turn_Off
"01/16/2020, 07:35:43",Controls_Fault
"01/16/2020, 08:12:40",Controls_Fault
"01/16/2020, 08:27:02",Controls_Fault
"01/16/2020, 09:35:05",Controls_Fault
"01/16/2020, 09:36:51",Controls_Fault
"01/18/2020, 13:25:39",Microphonics
"01/19/2020, 19:19:28",Single_Cav_Turn_Off
"01/19/2020, 23:03:51",Single_Cav_Turn_Off
"01/21/2020, 13:11:00",E_Quench
"01/21/2020, 13:50:39",E_Quench
"01/25/2020, 22:18:48",E_Quench
"01/28/2020, 09:01:01",Multi_Cav_Turn_Off
"01/30/2020, 13:52:51",Single_Cav_Turn_Off
"01/31/2020, 13:32:51",Quench_100ms
"02/01/2020, 07:16:04",Single_Cav_Turn_Off
"02/01/2020, 08:35:11",Quench_3ms
"02/02/2020, 10:26:11",Multi_Cav_Turn_Off
"02/02/2020, 12:24:09",Microphonics
"02/02/2020, 12:33:05",Microphonics
"02/04/2020, 07:38:15",Microphonics
"02/05/2020, 10:39:52",Multi_Cav_Turn_Off
"02/06/2020, 01:44:34",Single_Cav_Turn_Off
"02/06/2020, 13:01:43",Controls_Fault
"02/06/2020, 15:43:24",Quench_3ms
"02/06/2020, 23:26:14",Single_Cav_Turn_Off
"02/07/2020, 09:17:36",Single_Cav_Turn_Off
"02/09/2020, 21:54:08",E_Quench
"02/11/2020, 07:50:24",Microphonics
"02/13/2020, 14:35:44",Single_Cav_Turn_Off
"02/14/2020, 08:38:22",Multi_Cav_Turn_Off
"02/15/2020, 11:05:14",E_Quench
"02/18/2020, 11:43:51",Microphonics
"02/19/2020, 14:11:27",E_Quench
"02/21/2020, 08:20:52",E_Quench
"02/22/2020, 12:28:55",Multi_Cav_Turn_Off
"02/23/2020, 02:03:45",E_Quench
"02/27/2020, 14:23:58",Microphonics
"02/29/2020, 20:23:15",E_Quench
"03/03/2020, 07:41:26",Microphonics
"03/03/2020, 10:03:45",Multi_Cav_Turn_Off
"03/08/2020, 23:56:36",E_Quench
"11/26/2019, 03:31:50",E_Quench
"11/26/2019, 09:20:34",Single_Cav_Turn_Off
"11/26/2019, 18:00:37",E_Quench
"11/26/2019, 22:13:08",Single_Cav_Turn_Off
"11/27/2019, 07:29:33",E_Quench
"11/27/2019, 18:14:38",E_Quench
"11/28/2019, 07:35:38",E_Quench
"11/28/2019, 13:28:57",Single_Cav_Turn_Off
"11/28/2019, 21:03:31",E_Quench
"11/29/2019, 09:20:07",E_Quench
"11/30/2019, 01:06:23",Single_Cav_Turn_Off
"11/30/2019, 08:26:46",Single_Cav_Turn_Off
"12/01/2019, 01:34:59",Controls_Fault
"12/01/2019, 04:05:00",Single_Cav_Turn_Off
"12/01/2019, 06:27:17",Controls_Fault
"12/02/2019, 21:13:53",Controls_Fault
"12/03/2019, 03:26:29",E_Quench
"12/03/2019, 06:10:33",Single_Cav_Turn_Off
"12/03/2019, 23:17:16",Single_Cav_Turn_Off
"12/04/2019, 04:37:53",Single_Cav_Turn_Off
"12/04/2019, 05:41:17",E_Quench
"12/12/2019, 16:20:09",Single_Cav_Turn_Off
"02/05/2020, 06:31:48",Single_Cav_Turn_Off
"02/05/2020, 10:39:59",Multi_Cav_Turn_Off
"02/05/2020, 13:35:41",E_Quench
"02/06/2020, 01:52:33",Single_Cav_Turn_Off
"02/06/2020, 05:41:31",Single_Cav_Turn_Off
"02/06/2020, 12:42:17",Controls_Fault
"02/06/2020, 13:01:43",Controls_Fault
"02/06/2020, 13:04:24",Controls_Fault
"02/06/2020, 17:56:47",Single_Cav_Turn_Off
"02/07/2020, 13:23:53",E_Quench
"02/07/2020, 19:21:32",Single_Cav_Turn_Off
"02/07/2020, 20:31:05",Single_Cav_Turn_Off
"02/08/2020, 01:48:27",Single_Cav_Turn_Off
"02/08/2020, 03:36:41",Quench_3ms
"02/08/2020, 11:01:32",E_Quench
"02/08/2020, 13:11:55",Single_Cav_Turn_Off
"02/09/2020, 00:22:22",Quench_3ms
"02/09/2020, 05:36:11",Single_Cav_Turn_Off
"02/09/2020, 06:47:22",E_Quench
"02/09/2020, 08:58:07",Single_Cav_Turn_Off
"02/10/2020, 06:48:37",Controls_Fault
"02/10/2020, 19:28:38",Single_Cav_Turn_Off
"02/10/2020, 22:22:13",Single_Cav_Turn_Off
"02/11/2020, 06:35:11",Single_Cav_Turn_Off
"02/11/2020, 13:59:08",E_Quench
"02/11/2020, 14:00:11",Quench_3ms
"02/12/2020, 05:06:44",Controls_Fault
"02/13/2020, 04:22:22",E_Quench
"02/13/2020, 19:42:34",E_Quench
"02/14/2020, 08:38:14",Multi_Cav_Turn_Off
"02/15/2020, 17:46:23",E_Quench
"02/15/2020, 17:47:12",Multi_Cav_Turn_Off
"02/16/2020, 13:05:29",E_Quench
"02/17/2020, 22:14:59",E_Quench
"02/19/2020, 00:49:34",E_Quench
"02/19/2020, 00:51:40",E_Quench
"02/19/2020, 08:20:19",E_Quench
"02/19/2020, 16:53:38",Microphonics
"02/20/2020, 04:48:46",E_Quench
"02/21/2020, 02:51:54",E_Quench
"02/21/2020, 12:58:21",E_Quench
"02/22/2020, 12:22:02",Multi_Cav_Turn_Off
"02/23/2020, 17:45:43",Microphonics
"02/25/2020, 04:38:58",Microphonics
"02/25/2020, 13:16:21",E_Quench
"02/26/2020, 06:19:51",Microphonics
"02/28/2020, 15:16:54",E_Quench
"02/29/2020, 15:14:01",Microphonics
"03/02/2020, 00:28:14",E_Quench
"03/03/2020, 13:09:27",E_Quench
"03/05/2020, 23:37:24",E_Quench
"03/06/2020, 05:55:24",E_Quench
"03/06/2020, 06:29:06",Microphonics
"03/08/2020, 04:31:39",E_Quench
"03/08/2020, 04:36:52",E_Quench
"03/09/2020, 05:18:11",Microphonics
